Name,Class,SubClass,Faction,Role,ThreatRating,TankDoctrine,OptimalRange,HighSlots,MidSlots,LowSlots,RigSlots,Turrets,Launchers,Powergrid_MW,CPU_tf,BaseSpeed_ms,SigRadius_m,DroneBay_m3,DroneBandwidth_Mbit,HullBonuses
Abaddon,Battleship,Battleship,Amarr,Heavy Laser Line Battleship,THREAT_COMBATANT,Massive Armor Resistance Buffer,30-80 km,8,6,7,3,7,7,16500,650,115,420,125,100,Energy Turret Damage & Optimal Range bonus per level | Capacitor usage reduction for Energy Weapons
Absolution,Command Ship,Command Ship,Amarr,Laser Fleet Command Brawler,THREAT_T2_COMBAT,Immense Armor Buffer,20-50 km,7,5,6,2,5,5,1600,510,165,240,75,50,Energy Turret Damage & Optimal Range bonus per level | Capacitor usage reduction for Energy Weapons
Aeon,Supercarrier,Supercarrier,Amarr,Supercapital Heavy Carrier,THREAT_SUPER,Immense Armor Buffer,Omni Grid,6,7,7,3,0,0,1200000,1800,60,18000,0,0,Energy Turret Damage & Optimal Range bonus per level | Capacitor usage reduction for Energy Weapons
Algos,Destroyer,Destroyer,Gallente,Drone / Rail Destroyer,THREAT_COMBATANT,Armor Buffer,0-30 km,8,2,3,3,7,7,72,200,310,65,0,0,Hybrid Turret damage and tracking speed bonus per level | Armor repairer effectiveness or Armor HP bonus | Role Bonus: Extreme Drone HP and Damage output multiplier (up to 500%)
Alligator,Battlecruiser,Battlecruiser,Guristas,Heavy Drone / Missile Battlecruiser,THREAT_PIRATE,Shield Buffer,30-70 km,7,5,6,3,6,6,1350,440,155,260,50,50,"Missile kinetic/thermal velocity, flight time and explosion radius bonus | Shield resistance or shield capacity bonus | Role Bonus: Extreme Drone HP and Damage output multiplier (up to 500%)"
Anathema,Covert Ops,Covert Ops,Amarr,Stealth Scout / Cyno,THREAT_COVERT,Paper Thin,Covert,3,4,2,2,1,1,28,210,330,34,0,0,Energy Turret Damage & Optimal Range bonus per level | Capacitor usage reduction for Energy Weapons | Role Bonus: Covert Ops Cloaking Device fitting & zero cloak reactivation delay
Anshar,Jump Freighter,Freighter,Gallente,Capital Jump Freighter,THREAT_HAULER,Armor Buffer,0 km,0,0,3,3,0,0,0,0,65,3500,0,0,Hybrid Turret damage and tracking speed bonus per level | Armor repairer effectiveness or Armor HP bonus
Apocalypse,Battleship,Battleship,Amarr,Large Beam / Pulse Laser Battleship,THREAT_COMBATANT,Armor Buffer,60-140 km,8,6,7,3,7,7,16500,650,115,420,125,100,Energy Turret Damage & Optimal Range bonus per level | Capacitor usage reduction for Energy Weapons
Apocalypse Navy Issue,Faction Battleship,Battleship,Amarr (Navy),Navy Laser Sniper Battleship,THREAT_COMBATANT,Armor Buffer,60-150 km,8,6,7,3,7,7,16500,650,115,420,125,100,Energy Turret Damage & Optimal Range bonus per level | Capacitor usage reduction for Energy Weapons
Apostle,Force Auxiliary,Force Auxiliary,Amarr,Capital Armor FAX,THREAT_CAPITAL,Active Armor (Triage),Remote Armor,5,6,6,3,0,0,580000,1050,65,9500,0,0,Energy Turret Damage & Optimal Range bonus per level | Capacitor usage reduction for Energy Weapons
Apotheosis,Frigate,Combat Frigate,Society of Conscious Thought,Special Shuttle / Frigate,THREAT_COMBATANT,Shield/Armor Omni,0-15 km,3,3,3,3,3,3,45,150,360,38,0,0,
Arazu,Force Recon,Force Recon Ship,Gallente,Covert Cloak / 40km Scram / Cyno,THREAT_CYNO,Paper Thin,0-40 km,5,5,4,2,3,3,880,470,225,115,40,40,Hybrid Turret damage and tracking speed bonus per level | Armor repairer effectiveness or Armor HP bonus | Role Bonus: Covert Ops Cloaking Device fitting & zero cloak reactivation delay
Arbitrator,Cruiser,Cruiser,Amarr,Tracking Disruptor / Drone Cruiser,THREAT_ECM,Armor Buffer,0-50 km,5,4,5,3,4,4,950,360,220,130,50,50,Energy Turret Damage & Optimal Range bonus per level | Capacitor usage reduction for Energy Weapons | Role Bonus: Extreme Drone HP and Damage output multiplier (up to 500%)
Archon,Carrier,Carrier,Amarr,Capital Fighter Carrier,THREAT_CAPITAL,Armor Buffer,Fighter Range,5,6,6,3,0,0,550000,1100,70,9800,0,0,Energy Turret Damage & Optimal Range bonus per level | Capacitor usage reduction for Energy Weapons
Ares,Interceptor,Interceptor,Gallente,Fast Fleet Tackler,THREAT_COMBATANT,Armor / Shield,0-15 km,3,3,3,2,2,2,38,140,470,32,0,0,Hybrid Turret damage and tracking speed bonus per level | Armor repairer effectiveness or Armor HP bonus
Ark,Jump Freighter,Freighter,Amarr,Capital Jump Freighter,THREAT_HAULER,Armor Buffer,0 km,0,0,3,3,0,0,0,0,65,3500,0,0,Energy Turret Damage & Optimal Range bonus per level | Capacitor usage reduction for Energy Weapons
Armageddon,Battleship,Battleship,Amarr,Heavy Cap Neut / Drone / Missile BS,THREAT_ECM,Armor Buffer,0-50 km,8,6,7,3,7,7,16500,650,115,420,125,100,"Energy Turret Damage & Optimal Range bonus per level | Capacitor usage reduction for Energy Weapons | Missile kinetic/thermal velocity, flight time and explosion radius bonus | Shield resistance or shield capacity bonus | Role Bonus: Extreme Drone HP and Damage output multiplier (up to 500%) | Role Bonus: 100% Energy Drain range and Nosferatu cap-neutral drain bonus"
Armageddon Navy Issue,Faction Battleship,Battleship,Amarr (Navy),Navy Laser / Drone Battleship,THREAT_COMBATANT,Armor Buffer,30-80 km,8,6,7,3,7,7,16500,650,115,420,125,100,Energy Turret Damage & Optimal Range bonus per level | Capacitor usage reduction for Energy Weapons | Role Bonus: Extreme Drone HP and Damage output multiplier (up to 500%)
Ashimmu,Cruiser,Cruiser,Blood Raiders,Heavy Web / NOS Cruiser,THREAT_ECM,Armor,0-25 km,5,4,5,3,4,4,950,360,220,130,50,50,Role Bonus: 90% Stasis Webifier velocity reduction strength | Role Bonus: 100% Energy Drain range and Nosferatu cap-neutral drain bonus
Astarte,Command Ship,Command Ship,Gallente,Armor Fleet Command / Blaster Brawler,THREAT_T2_COMBAT,Immense Armor Buffer,0-20 km,7,5,6,2,5,5,1600,510,165,240,75,50,Hybrid Turret damage and tracking speed bonus per level | Armor repairer effectiveness or Armor HP bonus
Astero,Frigate,Combat Frigate,Sisters of EVE,Covert Ops / Drone Scout,THREAT_PIRATE,Armor Buffer / Dual Rep,0-15 km,3,3,3,3,3,3,45,150,360,38,0,0,Role Bonus: Extreme Drone HP and Damage output multiplier (up to 500%) | Role Bonus: Covert Ops Cloaking Device fitting & zero cloak reactivation delay
Atron,Frigate,Combat Frigate,Gallente,Fast Tackle / Blaster Frigate,THREAT_COMBATANT,Armor / Shield,0-8 km,3,3,3,3,3,3,45,150,360,38,0,0,Hybrid Turret damage and tracking speed bonus per level | Armor repairer effectiveness or Armor HP bonus
Augoror,Cruiser,Logistics Cruiser,Amarr,Armor Logistics Cruiser,THREAT_LOGI,Armor,Remote Armor (Cap Transfer),5,5,4,2,0,0,1050,440,240,110,25,25,Energy Turret Damage & Optimal Range bonus per level | Capacitor usage reduction for Energy Weapons
Augoror Navy Issue,Faction Cruiser,Cruiser,Amarr (Navy),Heavy Armor Laser Brawler,THREAT_COMBATANT,Battleship-Grade Armor Buffer,0-20 km,5,4,5,3,4,4,950,360,220,130,50,50,Energy Turret Damage & Optimal Range bonus per level | Capacitor usage reduction for Energy Weapons
Avatar,Titan,Titan,Amarr,Supercapital Judgement Titan,THREAT_SUPER,Immense Armor Buffer,Omni Grid,8,7,8,3,6,6,4500000,2500,50,35000,0,0,Energy Turret Damage & Optimal Range bonus per level | Capacitor usage reduction for Energy Weapons
Azariel,Titan,Titan,Angel Cartel,Pirate Supercapital Titan,THREAT_SUPER,Shield Buffer,Omni Capital Range,8,7,8,3,6,6,4500000,2500,50,35000,0,0,
Badger,Industrial,Industrial,Caldari,Standard Hauler,THREAT_HAULER,Paper Thin,0 km,2,4,4,3,0,0,95,250,130,240,0,0,"Missile kinetic/thermal velocity, flight time and explosion radius bonus | Shield resistance or shield capacity bonus"
Bane,Lancer Dreadnought,Dreadnought,Amarr,Disruptive Lancer Dread,THREAT_CAPITAL,Armor Active,Lancer Beam,6,5,7,3,3,3,650000,950,75,8500,0,0,Energy Turret Damage & Optimal Range bonus per level | Capacitor usage reduction for Energy Weapons
Bantam,Frigate,Logistics Cruiser,Caldari,Shield Logistics Frigate,THREAT_LOGI,Shield,Remote Shield,5,5,4,2,0,0,1050,440,240,110,25,25,"Missile kinetic/thermal velocity, flight time and explosion radius bonus | Shield resistance or shield capacity bonus"
Barghest,Battleship,Battleship,Mordu's Legion,Heavy Point / Cruise Battleship,THREAT_PIRATE,Shield,50-100 km,8,6,7,3,7,7,16500,650,115,420,125,100,
Basilisk,Logistics Cruiser,Logistics Cruiser,Caldari,T2 Cap-Chain Shield Logistics,THREAT_LOGI,Shield,Remote Shield (Cap Transfer),5,5,4,2,0,0,1050,440,240,110,25,25,"Missile kinetic/thermal velocity, flight time and explosion radius bonus | Shield resistance or shield capacity bonus"
Bellicose,Cruiser,Cruiser,Minmatar,Target Painter / Missile Cruiser,THREAT_ECM,Shield Buffer,30-70 km,5,4,5,3,4,4,950,360,220,130,50,50,"Missile kinetic/thermal velocity, flight time and explosion radius bonus | Shield resistance or shield capacity bonus | Projectile Turret rate of fire and falloff bonus per level | Sub-warp velocity and signature radius mobility bonus"
Bestower,Industrial,Industrial,Amarr,High-Capacity Hauler,THREAT_HAULER,Paper Thin,0 km,2,4,4,3,0,0,95,250,130,240,0,0,Energy Turret Damage & Optimal Range bonus per level | Capacitor usage reduction for Energy Weapons
Bhaalgorn,Battleship,Battleship,Blood Raiders,Fleet Cap Drain / Heavy Web,THREAT_ECM,Armor,0-40 km,8,6,7,3,7,7,16500,650,115,420,125,100,Role Bonus: 90% Stasis Webifier velocity reduction strength | Role Bonus: 100% Energy Drain range and Nosferatu cap-neutral drain bonus
Bifrost,Command Destroyer,Command Destroyer,Minmatar,Micro Jump Field / Shield Skiff,THREAT_BUBBLE,Shield Buffer,0-20 km,6,4,4,2,4,4,88,245,330,62,0,0,Projectile Turret rate of fire and falloff bonus per level | Sub-warp velocity and signature radius mobility bonus
Blackbird,Cruiser,Cruiser,Caldari,Fleet ECM Jammer,THREAT_ECM,Shield Buffer,50-100 km,5,4,5,3,4,4,950,360,220,130,50,50,"Missile kinetic/thermal velocity, flight time and explosion radius bonus | Shield resistance or shield capacity bonus"
Bowhead,Freighter,Freighter,ORE,Assembled Ship Transport,THREAT_HAULER,Shield Buffer,0 km,0,0,3,3,0,0,0,0,65,3500,0,0,
Breacher,Frigate,Combat Frigate,Minmatar,Dual MASB Missile Brawler,THREAT_COMBATANT,Dual MASB Active Shield,0-25 km,3,3,3,3,3,3,45,150,360,38,0,0,"Missile kinetic/thermal velocity, flight time and explosion radius bonus | Shield resistance or shield capacity bonus | Projectile Turret rate of fire and falloff bonus per level | Sub-warp velocity and signature radius mobility bonus"
Broadsword,Heavy Interdiction Cruiser,Heavy Interdiction Cruiser,Minmatar,Warp Disruption Field Generator,THREAT_BUBBLE,Immense Shield Buffer,0-20 km (Bubble) / Infinite Scram,6,6,4,2,4,4,1300,430,210,140,25,25,Projectile Turret rate of fire and falloff bonus per level | Sub-warp velocity and signature radius mobility bonus
Brutix,Battlecruiser,Battlecruiser,Gallente,Blaster / Rail Brawler BC,THREAT_COMBATANT,Armor Buffer / Active,0-20 km (Blaster) / 40-80 km (Rail),7,5,6,3,6,6,1350,440,155,260,50,50,Hybrid Turret damage and tracking speed bonus per level | Armor repairer effectiveness or Armor HP bonus
Brutix Navy Issue,Faction Battlecruiser,Battlecruiser,Gallente (Navy),Navy Hybrid Brawler BC,THREAT_COMBATANT,Armor Buffer,0-25 km,7,5,6,3,6,6,1350,440,155,260,50,50,Hybrid Turret damage and tracking speed bonus per level | Armor repairer effectiveness or Armor HP bonus
Burst,Frigate,Logistics Cruiser,Minmatar,Shield Logistics Frigate,THREAT_LOGI,Shield,Remote Shield,5,5,4,2,0,0,1050,440,240,110,25,25,Projectile Turret rate of fire and falloff bonus per level | Sub-warp velocity and signature radius mobility bonus
Bustard,Deep Space Transport,Combat Frigate,Caldari,Heavy Shield DST,THREAT_HAULER,Immense Shield Buffer (+2 Warp Core),0 km,3,3,3,3,3,3,45,150,360,38,0,0,"Missile kinetic/thermal velocity, flight time and explosion radius bonus | Shield resistance or shield capacity bonus"
Buzzard,Covert Ops,Covert Ops,Caldari,Stealth Scout / Cyno,THREAT_COVERT,Paper Thin,Covert,3,4,2,2,1,1,28,210,330,34,0,0,"Missile kinetic/thermal velocity, flight time and explosion radius bonus | Shield resistance or shield capacity bonus | Role Bonus: Covert Ops Cloaking Device fitting & zero cloak reactivation delay"
Caiman,Dreadnought,Dreadnought,Guristas,Pirate Missile / Drone Dread,THREAT_CAPITAL,Shield Active,Capital Grid,6,5,7,3,3,3,650000,950,75,8500,0,0,"Missile kinetic/thermal velocity, flight time and explosion radius bonus | Shield resistance or shield capacity bonus | Role Bonus: Extreme Drone HP and Damage output multiplier (up to 500%)"
Caldari Navy Hookbill,Faction Frigate,Combat Frigate,Caldari (Navy),Dual Web Rocket / Missile Brawler,THREAT_COMBATANT,Shield Buffer / Active,0-25 km,3,3,3,3,3,3,45,150,360,38,0,0,"Missile kinetic/thermal velocity, flight time and explosion radius bonus | Shield resistance or shield capacity bonus | Role Bonus: 90% Stasis Webifier velocity reduction strength"
Caracal,Cruiser,Cruiser,Caldari,Rapid Light / Heavy Missile Cruiser,THREAT_COMBATANT,Shield Buffer,30-65 km,5,4,5,3,4,4,950,360,220,130,50,50,"Missile kinetic/thermal velocity, flight time and explosion radius bonus | Shield resistance or shield capacity bonus"
Caracal Navy Issue,Faction Cruiser,Cruiser,Caldari (Navy),Heavy Missile / Rapid Light Cruiser,THREAT_COMBATANT,Shield Buffer,30-75 km,5,4,5,3,4,4,950,360,220,130,50,50,"Missile kinetic/thermal velocity, flight time and explosion radius bonus | Shield resistance or shield capacity bonus"
Catalyst,Destroyer,Destroyer,Gallente,High DPS Blaster Ganker / Destroyer,THREAT_COMBATANT,Armor / Hull Buffer,0-8 km (Blasters) / 20-50 km (Rails),8,2,3,3,7,7,72,200,310,65,0,0,Hybrid Turret damage and tracking speed bonus per level | Armor repairer effectiveness or Armor HP bonus
Catalyst Navy Issue,Faction Destroyer,Destroyer,Gallente (Navy),Navy Blaster / Rail Destroyer,THREAT_COMBATANT,Armor / Hull Buffer,0-15 km,8,2,3,3,7,7,72,200,310,65,0,0,Hybrid Turret damage and tracking speed bonus per level | Armor repairer effectiveness or Armor HP bonus
Celestis,Cruiser,Cruiser,Gallente,Remote Sensor Dampener Cruiser,THREAT_ECM,Armor Buffer,40-90 km,5,4,5,3,4,4,950,360,220,130,50,50,Hybrid Turret damage and tracking speed bonus per level | Armor repairer effectiveness or Armor HP bonus
Cerberus,Heavy Assault Cruiser,Heavy Assault Cruiser,Caldari,HAC Heavy Missile Sniper,THREAT_T2_COMBAT,Shield Buffer + ADC,50-100 km,5,4,6,2,5,5,1150,410,230,125,50,50,"Missile kinetic/thermal velocity, flight time and explosion radius bonus | Shield resistance or shield capacity bonus"
Charon,Freighter,Freighter,Caldari,Standard Sub-Capital Freighter,THREAT_HAULER,Buffer,0 km,0,0,3,3,0,0,0,0,65,3500,0,0,"Missile kinetic/thermal velocity, flight time and explosion radius bonus | Shield resistance or shield capacity bonus"
Cheetah,Covert Ops,Covert Ops,Minmatar,Stealth Scout / Cyno,THREAT_COVERT,Paper Thin,Covert,3,4,2,2,1,1,28,210,330,34,0,0,Projectile Turret rate of fire and falloff bonus per level | Sub-warp velocity and signature radius mobility bonus | Role Bonus: Covert Ops Cloaking Device fitting & zero cloak reactivation delay
Chemosh,Dreadnought,Dreadnought,Blood Raiders,Pirate Cap Drain Dread,THREAT_CAPITAL,Armor Active,Capital Grid,6,5,7,3,3,3,650000,950,75,8500,0,0,Role Bonus: 100% Energy Drain range and Nosferatu cap-neutral drain bonus
Chimera,Carrier,Carrier,Caldari,Capital Fighter Carrier,THREAT_CAPITAL,Shield Buffer,Fighter Range,5,6,6,3,0,0,550000,1100,70,9800,0,0,"Missile kinetic/thermal velocity, flight time and explosion radius bonus | Shield resistance or shield capacity bonus"
Claw,Interceptor,Interceptor,Minmatar,Artillery / AC Fleet Interceptor,THREAT_COMBATANT,Shield / Armor,0-20 km,3,3,3,2,2,2,38,140,470,32,0,0,Projectile Turret rate of fire and falloff bonus per level | Sub-warp velocity and signature radius mobility bonus
Claymore,Command Ship,Command Ship,Minmatar,Shield Fleet Command / Missile,THREAT_T2_COMBAT,Immense Shield Buffer,20-60 km,7,5,6,2,5,5,1600,510,165,240,75,50,"Missile kinetic/thermal velocity, flight time and explosion radius bonus | Shield resistance or shield capacity bonus | Projectile Turret rate of fire and falloff bonus per level | Sub-warp velocity and signature radius mobility bonus"
Coercer,Destroyer,Destroyer,Amarr,Pulse / Beam Laser Destroyer,THREAT_COMBATANT,Armor Buffer,0-15 km (Pulse) / 30-65 km (Beam),8,2,3,3,7,7,72,200,310,65,0,0,Energy Turret Damage & Optimal Range bonus per level | Capacitor usage reduction for Energy Weapons
Coercer Navy Issue,Faction Destroyer,Destroyer,Amarr (Navy),Navy Laser Destroyer,THREAT_COMBATANT,Armor Buffer,0-25 km / 40-80 km,8,2,3,3,7,7,72,200,310,65,0,0,Energy Turret Damage & Optimal Range bonus per level | Capacitor usage reduction for Energy Weapons
Condor,Frigate,Combat Frigate,Caldari,Missile Kiter / Light Tackle,THREAT_COMBATANT,Shield,20-35 km,3,3,3,3,3,3,45,150,360,38,0,0,"Missile kinetic/thermal velocity, flight time and explosion radius bonus | Shield resistance or shield capacity bonus"
Confessor,Tactical Destroyer,Tactical Destroyer,Amarr,T3 Mode-Switching Laser Destroyer,THREAT_T2_COMBAT,Active / Passive Armor,15-50 km,6,4,4,1,4,4,84,235,315,60,0,0,Energy Turret Damage & Optimal Range bonus per level | Capacitor usage reduction for Energy Weapons
Corax,Destroyer,Destroyer,Caldari,Light Missile / Rocket Destroyer,THREAT_COMBATANT,Shield Buffer,20-50 km,8,2,3,3,7,7,72,200,310,65,0,0,"Missile kinetic/thermal velocity, flight time and explosion radius bonus | Shield resistance or shield capacity bonus"
Cormorant,Destroyer,Destroyer,Caldari,Rail Sniper / Blaster Destroyer,THREAT_COMBATANT,Shield Buffer,30-70 km (Rails) / 0-10 km (Blasters),8,2,3,3,7,7,72,200,310,65,0,0,"Missile kinetic/thermal velocity, flight time and explosion radius bonus | Shield resistance or shield capacity bonus | Hybrid Turret damage and tracking speed bonus per level | Armor repairer effectiveness or Armor HP bonus"
Cormorant Navy Issue,Faction Destroyer,Destroyer,Caldari (Navy),Navy Rail Sniper Destroyer,THREAT_COMBATANT,Shield Buffer,40-90 km,8,2,3,3,7,7,72,200,310,65,0,0,"Missile kinetic/thermal velocity, flight time and explosion radius bonus | Shield resistance or shield capacity bonus | Hybrid Turret damage and tracking speed bonus per level | Armor repairer effectiveness or Armor HP bonus"
Covetor,Mining Barge,Mining Barge,ORE,High Yield Mining Barge,THREAT_MINING,Paper Thin,0-15 km,2,4,2,3,2,0,45,260,100,200,50,25,
Crane,Blockade Runner,Combat Frigate,Caldari,Covert Fast Hauler,THREAT_HAULER,Cloaked Shield,0 km,3,3,3,3,3,3,45,150,360,38,0,0,"Missile kinetic/thermal velocity, flight time and explosion radius bonus | Shield resistance or shield capacity bonus | Role Bonus: Covert Ops Cloaking Device fitting & zero cloak reactivation delay"
Crow,Interceptor,Interceptor,Caldari,Long-Range Light Missile Kiter,THREAT_COMBATANT,Shield,25-45 km,3,3,3,2,2,2,38,140,470,32,0,0,"Missile kinetic/thermal velocity, flight time and explosion radius bonus | Shield resistance or shield capacity bonus"
Crucifier,Frigate,Combat Frigate,Amarr,Tracking Disruptor Frigate,THREAT_ECM,Paper Thin,30-70 km,3,3,3,3,3,3,45,150,360,38,0,0,Energy Turret Damage & Optimal Range bonus per level | Capacitor usage reduction for Energy Weapons
Crucifier Navy Issue,Faction Frigate,Combat Frigate,Amarr (Navy),Tracking Disruptor / Laser Brawler,THREAT_ECM,Armor,0-15 km,3,3,3,3,3,3,45,150,360,38,0,0,Energy Turret Damage & Optimal Range bonus per level | Capacitor usage reduction for Energy Weapons
Cruor,Frigate,Combat Frigate,Blood Raiders,Web / NOS Frigate,THREAT_ECM,Armor,0-15 km,3,3,3,3,3,3,45,150,360,38,0,0,Role Bonus: 90% Stasis Webifier velocity reduction strength | Role Bonus: 100% Energy Drain range and Nosferatu cap-neutral drain bonus
Crusader,Interceptor,Interceptor,Amarr,Laser Fleet Tackler,THREAT_COMBATANT,Armor,0-15 km,3,3,3,2,2,2,38,140,470,32,0,0,Energy Turret Damage & Optimal Range bonus per level | Capacitor usage reduction for Energy Weapons
Curse,Combat Recon,Combat Recon Ship,Amarr,D-Scan Immune 50km Cap Neut,THREAT_ECM,Armor / Shield Buffer,30-60 km,5,5,4,2,4,4,900,480,215,120,50,50,Energy Turret Damage & Optimal Range bonus per level | Capacitor usage reduction for Energy Weapons | Role Bonus: 100% Energy Drain range and Nosferatu cap-neutral drain bonus
Cyclone,Battlecruiser,Battlecruiser,Minmatar,Active Shield Missile / AC BC,THREAT_COMBATANT,Active Shield (Dual MASB / XL-ASB),15-40 km,7,5,6,3,6,6,1350,440,155,260,50,50,"Missile kinetic/thermal velocity, flight time and explosion radius bonus | Shield resistance or shield capacity bonus | Projectile Turret rate of fire and falloff bonus per level | Sub-warp velocity and signature radius mobility bonus"
Cyclone Navy Issue,Faction Battlecruiser,Battlecruiser,Minmatar (Fleet),Heavy Missile / Shield BC,THREAT_COMBATANT,Shield Buffer,20-60 km,7,5,6,3,6,6,1350,440,155,260,50,50,"Missile kinetic/thermal velocity, flight time and explosion radius bonus | Shield resistance or shield capacity bonus | Projectile Turret rate of fire and falloff bonus per level | Sub-warp velocity and signature radius mobility bonus"
Cynabal,Cruiser,Cruiser,Angel Cartel,Nano Skirmisher / Fleet Cruiser,THREAT_PIRATE,Shield Buffer / Active,15-28 km (425mm Autocannons / Barrage),5,4,5,3,4,4,950,360,220,130,50,50,
Dagon,Force Auxiliary,Force Auxiliary,Blood Raiders,Pirate Armor FAX,THREAT_CAPITAL,Armor Active,Fleet Remote Armor,5,6,6,3,0,0,580000,1050,65,9500,0,0,Role Bonus: 100% Energy Drain range and Nosferatu cap-neutral drain bonus
Damavik,Frigate,Combat Frigate,Triglavian,Spooling Disintegrator Frigate,THREAT_PIRATE,Armor,5-18 km,3,3,3,3,3,3,45,150,360,38,0,0,
Damnation,Command Ship,Command Ship,Amarr,Armor Fleet Command Flagship,THREAT_T2_COMBAT,Immense Armor Buffer (300k+ EHP),0-30 km,7,5,6,2,5,5,1600,510,165,240,75,50,Energy Turret Damage & Optimal Range bonus per level | Capacitor usage reduction for Energy Weapons
Daredevil,Frigate,Combat Frigate,Serpentis,90% Web Blaster Frigate,THREAT_PIRATE,Armor,0-8 km,3,3,3,3,3,3,45,150,360,38,0,0,Hybrid Turret damage and tracking speed bonus per level | Armor repairer effectiveness or Armor HP bonus | Role Bonus: 90% Stasis Webifier velocity reduction strength
Deacon,Logistics Frigate,Logistics Cruiser,Amarr,T2 Armor Logistics Frigate,THREAT_LOGI,Armor,Remote Armor,5,5,4,2,0,0,1050,440,240,110,25,25,Energy Turret Damage & Optimal Range bonus per level | Capacitor usage reduction for Energy Weapons
Deimos,Heavy Assault Cruiser,Heavy Assault Cruiser,Gallente,HAC Active Armor Brawler,THREAT_T2_COMBAT,Active Armor + ADC,0-15 km,5,4,6,2,5,5,1150,410,230,125,50,50,Hybrid Turret damage and tracking speed bonus per level | Armor repairer effectiveness or Armor HP bonus
Devoter,Heavy Interdiction Cruiser,Heavy Interdiction Cruiser,Amarr,Warp Disruption Field Generator,THREAT_BUBBLE,Immense Armor Buffer,0-20 km (Bubble) / Infinite Scram,6,6,4,2,4,4,1300,430,210,140,25,25,Energy Turret Damage & Optimal Range bonus per level | Capacitor usage reduction for Energy Weapons
Dominix,Battleship,Battleship,Gallente,Drone / Cap Neutralizer Battleship,THREAT_COMBATANT,Armor Buffer / Active / Hull,0-80 km,8,6,7,3,7,7,16500,650,115,420,125,100,Hybrid Turret damage and tracking speed bonus per level | Armor repairer effectiveness or Armor HP bonus | Role Bonus: Extreme Drone HP and Damage output multiplier (up to 500%) | Role Bonus: 100% Energy Drain range and Nosferatu cap-neutral drain bonus
Dominix Navy Issue,Faction Battleship,Battleship,Gallente (Navy),Navy Hybrid / Drone Battleship,THREAT_COMBATANT,Armor Buffer,0-80 km,8,6,7,3,7,7,16500,650,115,420,125,100,Hybrid Turret damage and tracking speed bonus per level | Armor repairer effectiveness or Armor HP bonus | Role Bonus: Extreme Drone HP and Damage output multiplier (up to 500%)
Dragoon,Destroyer,Destroyer,Amarr,Drone / Cap Neutralizer Destroyer,THREAT_ECM,Armor Buffer,0-30 km,8,2,3,3,7,7,72,200,310,65,0,0,Energy Turret Damage & Optimal Range bonus per level | Capacitor usage reduction for Energy Weapons | Role Bonus: Extreme Drone HP and Damage output multiplier (up to 500%) | Role Bonus: 100% Energy Drain range and Nosferatu cap-neutral drain bonus
Drake,Battlecruiser,Battlecruiser,Caldari,Heavy Missile Fleet BC,THREAT_COMBATANT,Massive Shield Buffer / Passive,30-70 km,7,5,6,3,6,6,1350,440,155,260,50,50,"Missile kinetic/thermal velocity, flight time and explosion radius bonus | Shield resistance or shield capacity bonus"
Drake Navy Issue,Faction Battlecruiser,Battlecruiser,Caldari (Navy),Heavy Missile / Shield BC,THREAT_COMBATANT,Shield Buffer,35-80 km,7,5,6,3,6,6,1350,440,155,260,50,50,"Missile kinetic/thermal velocity, flight time and explosion radius bonus | Shield resistance or shield capacity bonus"
Dramiel,Frigate,Interceptor,Angel Cartel,Pirate Interceptor / Tackler,THREAT_PIRATE,Shield Buffer / Active,0-12 km (Autocannons),3,3,3,2,2,2,38,140,470,32,0,0,
Drekavac,Battlecruiser,Battlecruiser,Triglavian,Heavy Disintegrator / Armor Links,THREAT_PIRATE,Armor,15-45 km,7,5,6,3,6,6,1350,440,155,260,50,50,
Eagle,Heavy Assault Cruiser,Heavy Assault Cruiser,Caldari,HAC Rail Sniper,THREAT_T2_COMBAT,Shield Buffer + ADC,60-120 km,5,4,6,2,5,5,1150,410,230,125,50,50,"Missile kinetic/thermal velocity, flight time and explosion radius bonus | Shield resistance or shield capacity bonus | Hybrid Turret damage and tracking speed bonus per level | Armor repairer effectiveness or Armor HP bonus"
Endurance,Expedition Frigate,Combat Frigate,ORE,Cloaked Ice Mining Frigate,THREAT_MINING,Shield Buffer,0-15 km,3,3,3,3,3,3,45,150,360,38,0,0,
Enforcer,Cruiser,Cruiser,CONCORD,Covert Combat Cruiser,THREAT_COVERT,Shield / Armor,0-35 km,5,4,5,3,4,4,950,360,220,130,50,50,Role Bonus: Covert Ops Cloaking Device fitting & zero cloak reactivation delay
Enyo,Assault Frigate,Assault Frigate,Gallente,High DPS Blaster Assault,THREAT_T2_COMBAT,Armor Buffer + ADC,0-8 km,4,3,4,2,3,3,58,175,380,35,0,0,Hybrid Turret damage and tracking speed bonus per level | Armor repairer effectiveness or Armor HP bonus
Eos,Command Ship,Command Ship,Gallente,Armor Fleet Command / Heavy Drone,THREAT_T2_COMBAT,Immense Armor Buffer / Active,0-60 km,7,5,6,2,5,5,1600,510,165,240,75,50,Hybrid Turret damage and tracking speed bonus per level | Armor repairer effectiveness or Armor HP bonus | Role Bonus: Extreme Drone HP and Damage output multiplier (up to 500%)
Epithal,Industrial,Industrial,Gallente,Planetary Industry Hauler,THREAT_HAULER,Paper Thin,0 km,2,4,4,3,0,0,95,250,130,240,0,0,Hybrid Turret damage and tracking speed bonus per level | Armor repairer effectiveness or Armor HP bonus
Erebus,Titan,Titan,Gallente,Supercapital Doomsday Titan,THREAT_SUPER,Armor Buffer,Omni Grid,8,7,8,3,6,6,4500000,2500,50,35000,0,0,Hybrid Turret damage and tracking speed bonus per level | Armor repairer effectiveness or Armor HP bonus
Eris,Interdictor,Interdictor,Gallente,Armor Warp Bubble Launcher,THREAT_BUBBLE,Armor Buffer,0-15 km,8,3,3,2,6,6,76,225,325,68,0,0,Hybrid Turret damage and tracking speed bonus per level | Armor repairer effectiveness or Armor HP bonus
Executioner,Frigate,Combat Frigate,Amarr,Fast Tackle / Laser Frigate,THREAT_COMBATANT,Armor / Shield,0-15 km,3,3,3,3,3,3,45,150,360,38,0,0,Energy Turret Damage & Optimal Range bonus per level | Capacitor usage reduction for Energy Weapons
Exequror,Cruiser,Logistics Cruiser,Gallente,Armor Logistics Cruiser,THREAT_LOGI,Armor,Remote Armor,5,5,4,2,0,0,1050,440,240,110,25,25,Hybrid Turret damage and tracking speed bonus per level | Armor repairer effectiveness or Armor HP bonus
Exequror Navy Issue,Faction Cruiser,Cruiser,Gallente (Navy),Heavy Hybrid Combat Cruiser,THREAT_COMBATANT,Armor Buffer,0-20 km,5,4,5,3,4,4,950,360,220,130,50,50,Hybrid Turret damage and tracking speed bonus per level | Armor repairer effectiveness or Armor HP bonus
Falcon,Force Recon,Force Recon Ship,Caldari,Covert Cloak / ECM / Cyno,THREAT_CYNO,Paper Thin,50-100 km,5,5,4,2,3,3,880,470,225,115,40,40,"Missile kinetic/thermal velocity, flight time and explosion radius bonus | Shield resistance or shield capacity bonus | Role Bonus: Covert Ops Cloaking Device fitting & zero cloak reactivation delay"
Federation Navy Comet,Faction Frigate,Combat Frigate,Gallente (Navy),Heavy Blaster / Rail Brawler,THREAT_COMBATANT,Armor / Hull Buffer,0-15 km,3,3,3,3,3,3,45,150,360,38,0,0,Hybrid Turret damage and tracking speed bonus per level | Armor repairer effectiveness or Armor HP bonus
Fenrir,Freighter,Freighter,Minmatar,Fast Sub-Capital Freighter,THREAT_HAULER,Buffer,0 km,0,0,3,3,0,0,0,0,65,3500,0,0,Projectile Turret rate of fire and falloff bonus per level | Sub-warp velocity and signature radius mobility bonus
Ferox,Battlecruiser,Battlecruiser,Caldari,Rail Sniper / Fleet Anchor,THREAT_COMBATANT,Shield Buffer,40-100 km,7,5,6,3,6,6,1350,440,155,260,50,50,"Missile kinetic/thermal velocity, flight time and explosion radius bonus | Shield resistance or shield capacity bonus | Hybrid Turret damage and tracking speed bonus per level | Armor repairer effectiveness or Armor HP bonus"
Ferox Navy Issue,Faction Battlecruiser,Battlecruiser,Caldari (Navy),Hybrid Brawler / Sniper,THREAT_COMBATANT,Heavy Shield Buffer,20-80 km,7,5,6,3,6,6,1350,440,155,260,50,50,"Missile kinetic/thermal velocity, flight time and explosion radius bonus | Shield resistance or shield capacity bonus | Hybrid Turret damage and tracking speed bonus per level | Armor repairer effectiveness or Armor HP bonus"
Flycatcher,Interdictor,Interdictor,Caldari,Shield Warp Bubble Launcher,THREAT_BUBBLE,Shield Buffer,0-20 km,8,3,3,2,6,6,76,225,325,68,0,0,"Missile kinetic/thermal velocity, flight time and explosion radius bonus | Shield resistance or shield capacity bonus"
Garmur,Frigate,Combat Frigate,Mordu's Legion,Long-Range Point Kiter,THREAT_PIRATE,Shield,30-40 km,3,3,3,3,3,3,45,150,360,38,0,0,
Gila,Cruiser,Cruiser,Guristas,Drone / Missile Combat Cruiser,THREAT_PIRATE,Passive / Active Shield (500% Drone Bonus),0-60 km,5,4,5,3,4,4,950,360,220,130,50,50,"Missile kinetic/thermal velocity, flight time and explosion radius bonus | Shield resistance or shield capacity bonus | Role Bonus: Extreme Drone HP and Damage output multiplier (up to 500%)"
Gnosis,Battlecruiser,Battlecruiser,Society of Conscious Thought,Multi-Role Combat / Exploration BC,THREAT_COMBATANT,Shield / Armor / Hull Buffer,0-50 km,7,5,6,3,6,6,1350,440,155,260,50,50,
Golem,Marauder,Marauder,Caldari,Bastion Torpedo / Cruise Marauder,THREAT_MARAUDER,Active Shield (Bastion Mode),30-100 km,8,6,7,2,4,4,19500,720,120,440,125,100,"Missile kinetic/thermal velocity, flight time and explosion radius bonus | Shield resistance or shield capacity bonus | Role Bonus: Bastion Module capability (100% weapon range, 100% local rep, EWAR immunity)"
Griffin,Frigate,Combat Frigate,Caldari,ECM Jamming Frigate,THREAT_ECM,Paper Thin Shield,30-60 km,3,3,3,3,3,3,45,150,360,38,0,0,"Missile kinetic/thermal velocity, flight time and explosion radius bonus | Shield resistance or shield capacity bonus"
Griffin Navy Issue,Faction Frigate,Combat Frigate,Caldari (Navy),Combat ECM / Hybrid Brawler,THREAT_ECM,Shield,0-15 km,3,3,3,3,3,3,45,150,360,38,0,0,"Missile kinetic/thermal velocity, flight time and explosion radius bonus | Shield resistance or shield capacity bonus | Hybrid Turret damage and tracking speed bonus per level | Armor repairer effectiveness or Armor HP bonus"
Guardian,Logistics Cruiser,Logistics Cruiser,Amarr,T2 Cap-Chain Armor Logistics,THREAT_LOGI,Armor,Remote Armor (Cap Transfer),5,5,4,2,0,0,1050,440,240,110,25,25,Energy Turret Damage & Optimal Range bonus per level | Capacitor usage reduction for Energy Weapons
Harbinger,Battlecruiser,Battlecruiser,Amarr,Heavy Laser Line BC,THREAT_COMBATANT,Armor Buffer,20-60 km,7,5,6,3,6,6,1350,440,155,260,50,50,Energy Turret Damage & Optimal Range bonus per level | Capacitor usage reduction for Energy Weapons
Harbinger Navy Issue,Faction Battlecruiser,Battlecruiser,Amarr (Navy),Navy Laser Battlecruiser,THREAT_COMBATANT,Armor Buffer,20-70 km,7,5,6,3,6,6,1350,440,155,260,50,50,Energy Turret Damage & Optimal Range bonus per level | Capacitor usage reduction for Energy Weapons
Harpy,Assault Frigate,Assault Frigate,Caldari,Rail Sniper / ADC Brawler,THREAT_T2_COMBAT,Shield Buffer + ADC,10-40 km,4,3,4,2,3,3,58,175,380,35,0,0,"Missile kinetic/thermal velocity, flight time and explosion radius bonus | Shield resistance or shield capacity bonus | Hybrid Turret damage and tracking speed bonus per level | Armor repairer effectiveness or Armor HP bonus"
Hawk,Assault Frigate,Assault Frigate,Caldari,Dual MASB Rocket Brawler,THREAT_T2_COMBAT,Dual MASB Active + ADC,0-20 km,4,3,4,2,3,3,58,175,380,35,0,0,"Missile kinetic/thermal velocity, flight time and explosion radius bonus | Shield resistance or shield capacity bonus"
Hecate,Tactical Destroyer,Tactical Destroyer,Gallente,T3 Mode-Switching Blaster Destroyer,THREAT_T2_COMBAT,Active / Passive Armor / Hull,0-15 km,6,4,4,1,4,4,84,235,315,60,0,0,Hybrid Turret damage and tracking speed bonus per level | Armor repairer effectiveness or Armor HP bonus
Hel,Supercarrier,Supercarrier,Minmatar,Supercapital Heavy Carrier,THREAT_SUPER,Shield Buffer,Omni Grid,6,7,7,3,0,0,1200000,1800,60,18000,0,0,Projectile Turret rate of fire and falloff bonus per level | Sub-warp velocity and signature radius mobility bonus
Helios,Covert Ops,Covert Ops,Gallente,Stealth Scout / Cyno,THREAT_COVERT,Paper Thin,Covert,3,4,2,2,1,1,28,210,330,34,0,0,Hybrid Turret damage and tracking speed bonus per level | Armor repairer effectiveness or Armor HP bonus | Role Bonus: Covert Ops Cloaking Device fitting & zero cloak reactivation delay
Heretic,Interdictor,Interdictor,Amarr,Armor Warp Bubble Launcher,THREAT_BUBBLE,Armor Buffer,0-20 km,8,3,3,2,6,6,76,225,325,68,0,0,Energy Turret Damage & Optimal Range bonus per level | Capacitor usage reduction for Energy Weapons
Heron,Frigate,Combat Frigate,Caldari,Exploration / Light Drone,THREAT_COMBATANT,Shield Buffer,0-15 km,3,3,3,3,3,3,45,150,360,38,0,0,"Missile kinetic/thermal velocity, flight time and explosion radius bonus | Shield resistance or shield capacity bonus | Role Bonus: Extreme Drone HP and Damage output multiplier (up to 500%)"
Heron Navy Issue,Faction Frigate,Combat Frigate,Caldari (Navy),Combat Explorer / Rocket Brawler,THREAT_COMBATANT,Shield Buffer / Dual MASB,0-20 km,3,3,3,3,3,3,45,150,360,38,0,0,"Missile kinetic/thermal velocity, flight time and explosion radius bonus | Shield resistance or shield capacity bonus"
Hoarder,Industrial,Industrial,Minmatar,Ammo & Charge Hauler,THREAT_HAULER,Paper Thin,0 km,2,4,4,3,0,0,95,250,130,240,0,0,Projectile Turret rate of fire and falloff bonus per level | Sub-warp velocity and signature radius mobility bonus
Hound,Stealth Bomber,Stealth Bomber,Minmatar,Covert Torpedo / Bomb Bomber,THREAT_COVERT,Paper Thin,30-60 km,5,4,2,2,0,3,45,240,280,40,0,0,Projectile Turret rate of fire and falloff bonus per level | Sub-warp velocity and signature radius mobility bonus | Role Bonus: Covert Ops Cloaking Device fitting & zero cloak reactivation delay
Hubris,Lancer Dreadnought,Dreadnought,Gallente,Disruptive Lancer Dread,THREAT_CAPITAL,Armor Active,Lancer Beam,6,5,7,3,3,3,650000,950,75,8500,0,0,Hybrid Turret damage and tracking speed bonus per level | Armor repairer effectiveness or Armor HP bonus
Huginn,Combat Recon,Combat Recon Ship,Minmatar,D-Scan Immune 40km Web & Painter,THREAT_ECM,Shield / Armor Buffer,0-40 km (Web) / 60-100 km (Paint),5,5,4,2,4,4,900,480,215,120,50,50,Projectile Turret rate of fire and falloff bonus per level | Sub-warp velocity and signature radius mobility bonus | Role Bonus: 90% Stasis Webifier velocity reduction strength
Hulk,Exhumer,Exhumer,ORE,Maximum Yield T2 Exhumer,THREAT_MINING,Paper Thin,0-15 km,2,4,3,2,2,0,60,320,110,180,50,50,
Hurricane,Battlecruiser,Battlecruiser,Minmatar,Heavy Projectile Battlecruiser,THREAT_COMBATANT,Shield / Armor Buffer,15-40 km AC / 70+ km Art,7,5,6,3,6,6,1350,440,155,260,50,50,Projectile Turret rate of fire and falloff bonus per level | Sub-warp velocity and signature radius mobility bonus
Hurricane Navy Issue,Faction Battlecruiser,Battlecruiser,Minmatar (Fleet),Navy Projectile Battlecruiser,THREAT_COMBATANT,Armor / Shield Buffer,20-80 km,7,5,6,3,6,6,1350,440,155,260,50,50,Projectile Turret rate of fire and falloff bonus per level | Sub-warp velocity and signature radius mobility bonus
Hyena,Electronic Attack Ship,Electronic Attack Ship,Minmatar,40km Stasis Webifier Frigate,THREAT_ECM,Paper Thin,0-40 km,3,5,3,2,2,2,42,220,390,36,15,15,Projectile Turret rate of fire and falloff bonus per level | Sub-warp velocity and signature radius mobility bonus | Role Bonus: 90% Stasis Webifier velocity reduction strength
Hyperion,Battleship,Battleship,Gallente,Active Armor Blaster Brawler,THREAT_COMBATANT,Dual / Triple Large Rep Active Armor,0-25 km,8,6,7,3,7,7,16500,650,115,420,125,100,Hybrid Turret damage and tracking speed bonus per level | Armor repairer effectiveness or Armor HP bonus
Ikitursa,Heavy Assault Cruiser,Heavy Assault Cruiser,Triglavian,HAC Disintegrator Brawler,THREAT_T2_COMBAT,Armor,10-35 km,5,4,6,2,5,5,1150,410,230,125,50,50,
Imicus,Frigate,Combat Frigate,Gallente,Exploration / Light Drone,THREAT_COMBATANT,Armor,0-15 km,3,3,3,3,3,3,45,150,360,38,0,0,Hybrid Turret damage and tracking speed bonus per level | Armor repairer effectiveness or Armor HP bonus | Role Bonus: Extreme Drone HP and Damage output multiplier (up to 500%)
Imicus Navy Issue,Faction Frigate,Combat Frigate,Gallente (Navy),Combat Explorer / Heavy Drone,THREAT_COMBATANT,Armor Buffer,0-20 km,3,3,3,3,3,3,45,150,360,38,0,0,Hybrid Turret damage and tracking speed bonus per level | Armor repairer effectiveness or Armor HP bonus | Role Bonus: Extreme Drone HP and Damage output multiplier (up to 500%)
Impel,Deep Space Transport,Combat Frigate,Amarr,Heavy Armor DST,THREAT_HAULER,Immense Armor Buffer (+2 Warp Core),0 km,3,3,3,3,3,3,45,150,360,38,0,0,Energy Turret Damage & Optimal Range bonus per level | Capacitor usage reduction for Energy Weapons
Imperial Navy Slicer,Faction Frigate,Combat Frigate,Amarr (Navy),Beam / Pulse Nano Laser Kiter,THREAT_COMBATANT,Armor Buffer,20-40 km,3,3,3,3,3,3,45,150,360,38,0,0,Energy Turret Damage & Optimal Range bonus per level | Capacitor usage reduction for Energy Weapons
Incursus,Frigate,Combat Frigate,Gallente,Active Armor Blaster Brawler,THREAT_COMBATANT,Dual Rep Active Armor,0-8 km,3,3,3,3,3,3,45,150,360,38,0,0,Hybrid Turret damage and tracking speed bonus per level | Armor repairer effectiveness or Armor HP bonus
Inquisitor,Frigate,Logistics Cruiser,Amarr,Armor Logistics Frigate,THREAT_LOGI,Armor,Remote Armor,5,5,4,2,0,0,1050,440,240,110,25,25,Energy Turret Damage & Optimal Range bonus per level | Capacitor usage reduction for Energy Weapons
Ishkur,Assault Frigate,Assault Frigate,Gallente,Drone / Blaster Assault Frigate,THREAT_T2_COMBAT,Armor Buffer / Active + ADC,0-20 km,4,3,4,2,3,3,58,175,380,35,0,0,Hybrid Turret damage and tracking speed bonus per level | Armor repairer effectiveness or Armor HP bonus | Role Bonus: Extreme Drone HP and Damage output multiplier (up to 500%)
Ishtar,Heavy Assault Cruiser,Heavy Assault Cruiser,Gallente,HAC Heavy Drone Cruiser,THREAT_T2_COMBAT,Armor / Shield Buffer + ADC,0-80 km,5,4,6,2,5,5,1150,410,230,125,50,50,Hybrid Turret damage and tracking speed bonus per level | Armor repairer effectiveness or Armor HP bonus | Role Bonus: Extreme Drone HP and Damage output multiplier (up to 500%)
Iteron Mark V,Industrial,Industrial,Gallente,High-Capacity Hauler,THREAT_HAULER,Paper Thin,0 km,2,4,4,3,0,0,95,250,130,240,0,0,Hybrid Turret damage and tracking speed bonus per level | Armor repairer effectiveness or Armor HP bonus
Jackdaw,Tactical Destroyer,Tactical Destroyer,Caldari,T3 Mode-Switching Missile Destroyer,THREAT_T2_COMBAT,Active / Passive Shield,20-60 km,6,4,4,1,4,4,84,235,315,60,0,0,"Missile kinetic/thermal velocity, flight time and explosion radius bonus | Shield resistance or shield capacity bonus"
Jaguar,Assault Frigate,Assault Frigate,Minmatar,Dual MASB Tackle Assault,THREAT_T2_COMBAT,Dual MASB Shield + ADC,0-20 km,4,3,4,2,3,3,58,175,380,35,0,0,Projectile Turret rate of fire and falloff bonus per level | Sub-warp velocity and signature radius mobility bonus
Karura,Lancer Dreadnought,Dreadnought,Caldari,Disruptive Lancer Dread,THREAT_CAPITAL,Shield Active,Lancer Beam,6,5,7,3,3,3,650000,950,75,8500,0,0,"Missile kinetic/thermal velocity, flight time and explosion radius bonus | Shield resistance or shield capacity bonus"
Keres,Electronic Attack Ship,Electronic Attack Ship,Gallente,Long-Range Dampener / Point,THREAT_ECM,Paper Thin,30-60 km,3,5,3,2,2,2,42,220,390,36,15,15,Hybrid Turret damage and tracking speed bonus per level | Armor repairer effectiveness or Armor HP bonus
Kestrel,Frigate,Combat Frigate,Caldari,Missile / Rocket Brawler,THREAT_COMBATANT,Shield Buffer / Active,0-25 km,3,3,3,3,3,3,45,150,360,38,0,0,"Missile kinetic/thermal velocity, flight time and explosion radius bonus | Shield resistance or shield capacity bonus"
Khizriel,Battlecruiser,Battlecruiser,Angel Cartel,Heavy Skirmish Battlecruiser,THREAT_PIRATE,Shield Buffer,20-50 km,7,5,6,3,6,6,1350,440,155,260,50,50,
Kikimora,Destroyer,Destroyer,Triglavian,Long-Range Disintegrator Destroyer,THREAT_PIRATE,Armor / Shield,15-40 km,8,2,3,3,7,7,72,200,310,65,0,0,
Kirin,Logistics Frigate,Logistics Cruiser,Caldari,T2 Shield Logistics Frigate,THREAT_LOGI,Shield,Remote Shield,5,5,4,2,0,0,1050,440,240,110,25,25,"Missile kinetic/thermal velocity, flight time and explosion radius bonus | Shield resistance or shield capacity bonus"
Kitsune,Electronic Attack Ship,Electronic Attack Ship,Caldari,Long-Range Fleet ECM,THREAT_ECM,Paper Thin,50-100 km,3,5,3,2,2,2,42,220,390,36,15,15,"Missile kinetic/thermal velocity, flight time and explosion radius bonus | Shield resistance or shield capacity bonus"
Komodo,Titan,Titan,Guristas,Guristas Supercapital Titan,THREAT_SUPER,Shield Buffer,Omni Grid,8,7,8,3,6,6,4500000,2500,50,35000,0,0,Role Bonus: Extreme Drone HP and Damage output multiplier (up to 500%)
Kronos,Marauder,Marauder,Gallente,Bastion Blaster / Rail Marauder,THREAT_MARAUDER,Active Armor (Bastion Mode),0-30 km (Blasters) / 60-120 km (Rails),8,6,7,2,4,4,19500,720,120,440,125,100,"Hybrid Turret damage and tracking speed bonus per level | Armor repairer effectiveness or Armor HP bonus | Role Bonus: Bastion Module capability (100% weapon range, 100% local rep, EWAR immunity)"
Kryos,Industrial,Industrial,Gallente,Ice Product Hauler,THREAT_HAULER,Paper Thin,0 km,2,4,4,3,0,0,95,250,130,240,0,0,Hybrid Turret damage and tracking speed bonus per level | Armor repairer effectiveness or Armor HP bonus
Lachesis,Combat Recon,Combat Recon Ship,Gallente,D-Scan Immune Long Point & Damp,THREAT_ECM,Armor / Shield Buffer,40-70 km,5,5,4,2,4,4,900,480,215,120,50,50,Hybrid Turret damage and tracking speed bonus per level | Armor repairer effectiveness or Armor HP bonus
Legion,Strategic Cruiser,Strategic Cruiser,Amarr,Modular T3C (Laser / Missile / Neut / Cloak),THREAT_T2_COMBAT,Armor Buffer / Active,20-70 km,6,6,6,3,5,5,1200,460,235,115,60,50,"Energy Turret Damage & Optimal Range bonus per level | Capacitor usage reduction for Energy Weapons | Missile kinetic/thermal velocity, flight time and explosion radius bonus | Shield resistance or shield capacity bonus | Role Bonus: 100% Energy Drain range and Nosferatu cap-neutral drain bonus"
Leshak,Battleship,Battleship,Triglavian,Capital / Structure Buster,THREAT_PIRATE,Armor,20-60 km,8,6,7,3,7,7,16500,650,115,420,125,100,
Leviathan,Titan,Titan,Caldari,Supercapital Missile Titan,THREAT_SUPER,Shield Buffer,Omni Grid,8,7,8,3,6,6,4500000,2500,50,35000,0,0,"Missile kinetic/thermal velocity, flight time and explosion radius bonus | Shield resistance or shield capacity bonus"
Lif,Force Auxiliary,Force Auxiliary,Minmatar,Capital Shield FAX,THREAT_CAPITAL,Active Shield (Triage),Remote Shield,5,6,6,3,0,0,580000,1050,65,9500,0,0,Projectile Turret rate of fire and falloff bonus per level | Sub-warp velocity and signature radius mobility bonus
Loggerhead,Force Auxiliary,Force Auxiliary,Guristas,Pirate Shield FAX,THREAT_CAPITAL,Shield Active,Fleet Remote Shield,5,6,6,3,0,0,580000,1050,65,9500,0,0,Role Bonus: Extreme Drone HP and Damage output multiplier (up to 500%)
Loki,Strategic Cruiser,Strategic Cruiser,Minmatar,Modular T3C (Web / Artillery / Covert),THREAT_T2_COMBAT,Shield / Armor Buffer / Active,0-45 km (Web) / 30-80 km (Art/HAM),6,6,6,3,5,5,1200,460,235,115,60,50,Projectile Turret rate of fire and falloff bonus per level | Sub-warp velocity and signature radius mobility bonus | Role Bonus: 90% Stasis Webifier velocity reduction strength | Role Bonus: Covert Ops Cloaking Device fitting & zero cloak reactivation delay
Machariel,Battleship,Battleship,Angel Cartel,Fast Battleship / Fleet Anchor,THREAT_PIRATE,Shield Buffer / Armor,15-40 km (800mm AC) or 70-130 km (1400mm Artillery),8,6,7,3,7,7,16500,650,115,420,125,100,
Mackinaw,Exhumer,Exhumer,ORE,High-Capacity T2 Exhumer,THREAT_MINING,Shield Buffer,0-15 km,2,4,3,2,2,0,60,320,110,180,50,50,
Maelstrom,Battleship,Battleship,Minmatar,Active Shield / Artillery BS,THREAT_COMBATANT,Active Shield (X-Large Booster),60-140 km,8,6,7,3,7,7,16500,650,115,420,125,100,Projectile Turret rate of fire and falloff bonus per level | Sub-warp velocity and signature radius mobility bonus
Magnate,Frigate,Combat Frigate,Amarr,Exploration / Light Drone,THREAT_COMBATANT,Armor,0-15 km,3,3,3,3,3,3,45,150,360,38,0,0,Energy Turret Damage & Optimal Range bonus per level | Capacitor usage reduction for Energy Weapons | Role Bonus: Extreme Drone HP and Damage output multiplier (up to 500%)
Magnate Navy Issue,Faction Frigate,Combat Frigate,Amarr (Navy),Combat Explorer / Heavy Drone,THREAT_COMBATANT,Armor Buffer,0-20 km,3,3,3,3,3,3,45,150,360,38,0,0,Energy Turret Damage & Optimal Range bonus per level | Capacitor usage reduction for Energy Weapons | Role Bonus: Extreme Drone HP and Damage output multiplier (up to 500%)
Magus,Command Destroyer,Command Destroyer,Gallente,Micro Jump Field / Armor Skiff,THREAT_BUBBLE,Armor Buffer,0-20 km,6,4,4,2,4,4,88,245,330,62,0,0,Hybrid Turret damage and tracking speed bonus per level | Armor repairer effectiveness or Armor HP bonus
Malediction,Interceptor,Interceptor,Amarr,Fleet Fast Tackle Interceptor,THREAT_COMBATANT,Armor / Shield,0-15 km,3,3,3,2,2,2,38,140,470,32,0,0,Energy Turret Damage & Optimal Range bonus per level | Capacitor usage reduction for Energy Weapons
Maller,Cruiser,Cruiser,Amarr,Heavy Armor Buffer Bait Cruiser,THREAT_COMBATANT,Massive Armor Buffer (6 Lows),0-15 km,5,4,5,3,4,4,950,360,220,130,50,50,Energy Turret Damage & Optimal Range bonus per level | Capacitor usage reduction for Energy Weapons
Mamba,Destroyer,Destroyer,Guristas,Pirate Missile Destroyer,THREAT_PIRATE,Shield Buffer,20-45 km,8,2,3,3,7,7,72,200,310,65,0,0,"Missile kinetic/thermal velocity, flight time and explosion radius bonus | Shield resistance or shield capacity bonus | Role Bonus: Extreme Drone HP and Damage output multiplier (up to 500%)"
Mammoth,Industrial,Industrial,Minmatar,High-Capacity Hauler,THREAT_HAULER,Paper Thin,0 km,2,4,4,3,0,0,95,250,130,240,0,0,Projectile Turret rate of fire and falloff bonus per level | Sub-warp velocity and signature radius mobility bonus
Manticore,Stealth Bomber,Stealth Bomber,Caldari,Covert Torpedo / Bomb Bomber,THREAT_COVERT,Paper Thin,30-60 km,5,4,2,2,0,3,45,240,280,40,0,0,"Missile kinetic/thermal velocity, flight time and explosion radius bonus | Shield resistance or shield capacity bonus | Role Bonus: Covert Ops Cloaking Device fitting & zero cloak reactivation delay"
Marshal,Battleship,Black Ops,CONCORD,Covert Black Ops Battleship,THREAT_CYNO,Active Shield / Armor,0-60 km,8,6,7,2,6,6,17500,700,140,380,125,100,Role Bonus: Covert Ops Cloaking Device fitting & zero cloak reactivation delay
Mastodon,Deep Space Transport,Combat Frigate,Minmatar,Heavy Shield DST,THREAT_HAULER,Immense Shield Buffer (+2 Warp Core),0 km,3,3,3,3,3,3,45,150,360,38,0,0,Projectile Turret rate of fire and falloff bonus per level | Sub-warp velocity and signature radius mobility bonus
Maulus,Frigate,Combat Frigate,Gallente,Remote Sensor Dampener,THREAT_ECM,Paper Thin,30-70 km,3,3,3,3,3,3,45,150,360,38,0,0,Hybrid Turret damage and tracking speed bonus per level | Armor repairer effectiveness or Armor HP bonus
Maulus Navy Issue,Faction Frigate,Combat Frigate,Gallente (Navy),Combat Dampener / Scram Kiter,THREAT_ECM,Armor,0-15 km,3,3,3,3,3,3,45,150,360,38,0,0,Hybrid Turret damage and tracking speed bonus per level | Armor repairer effectiveness or Armor HP bonus
Megathron,Battleship,Battleship,Gallente,Hybrid Brawler / Fleet Battleship,THREAT_COMBATANT,Armor Buffer,0-25 km (Blasters) / 50-100 km (Rails),8,6,7,3,7,7,16500,650,115,420,125,100,Hybrid Turret damage and tracking speed bonus per level | Armor repairer effectiveness or Armor HP bonus
Megathron Navy Issue,Faction Battleship,Battleship,Gallente (Navy),Navy Hybrid Battleship,THREAT_COMBATANT,Armor Buffer,0-30 km / 60-120 km,8,6,7,3,7,7,16500,650,115,420,125,100,Hybrid Turret damage and tracking speed bonus per level | Armor repairer effectiveness or Armor HP bonus
Mekubal,Destroyer,Destroyer,Angel Cartel,Pirate Destroyer / Frigate Hunter,THREAT_PIRATE,Shield Buffer,8-20 km (Autocannons),8,2,3,3,7,7,72,200,310,65,0,0,
Merlin,Frigate,Combat Frigate,Caldari,Blaster / Rail Brawler,THREAT_COMBATANT,Shield Buffer / Dual MASB,0-10 km,3,3,3,3,3,3,45,150,360,38,0,0,"Missile kinetic/thermal velocity, flight time and explosion radius bonus | Shield resistance or shield capacity bonus | Hybrid Turret damage and tracking speed bonus per level | Armor repairer effectiveness or Armor HP bonus"
Miasmos,Industrial,Industrial,Gallente,Mineral & Ore Hauler,THREAT_HAULER,Paper Thin,0 km,2,4,4,3,0,0,95,250,130,240,0,0,Hybrid Turret damage and tracking speed bonus per level | Armor repairer effectiveness or Armor HP bonus
Minokawa,Force Auxiliary,Force Auxiliary,Caldari,Capital Shield FAX,THREAT_CAPITAL,Active Shield (Triage),Remote Shield,5,6,6,3,0,0,580000,1050,65,9500,0,0,"Missile kinetic/thermal velocity, flight time and explosion radius bonus | Shield resistance or shield capacity bonus"
Moa,Cruiser,Cruiser,Caldari,Rail / Blaster Fleet Cruiser,THREAT_COMBATANT,Heavy Shield Buffer,0-15 km / 30-60 km,5,4,5,3,4,4,950,360,220,130,50,50,"Missile kinetic/thermal velocity, flight time and explosion radius bonus | Shield resistance or shield capacity bonus | Hybrid Turret damage and tracking speed bonus per level | Armor repairer effectiveness or Armor HP bonus"
Molok,Titan,Titan,Blood Raiders,Blood Raider Supercapital,THREAT_SUPER,Armor Buffer,Omni Grid,8,7,8,3,6,6,4500000,2500,50,35000,0,0,Role Bonus: 100% Energy Drain range and Nosferatu cap-neutral drain bonus
Monitor,Cruiser,Cruiser,CONCORD,Flag Cruiser / Invulnerable FC,THREAT_COMBATANT,Immense Omni Buffer (1M+ EHP),0 km,5,4,5,3,4,4,950,360,220,130,50,50,
Moros,Dreadnought,Dreadnought,Gallente,Capital Blaster / Rail Dread,THREAT_CAPITAL,Active Armor (Siege),Capital Grid,6,5,7,3,3,3,650000,950,75,8500,0,0,Hybrid Turret damage and tracking speed bonus per level | Armor repairer effectiveness or Armor HP bonus
Moros Navy Issue,Faction Dreadnought,Dreadnought,Gallente (Navy),Navy Capital Hybrid Dread,THREAT_CAPITAL,Armor Active,Capital Grid,6,5,7,3,3,3,650000,950,75,8500,0,0,Hybrid Turret damage and tracking speed bonus per level | Armor repairer effectiveness or Armor HP bonus
Muninn,Heavy Assault Cruiser,Heavy Assault Cruiser,Minmatar,HAC Heavy Missile Fleet Cruiser,THREAT_T2_COMBAT,Armor / Shield Buffer + ADC,40-80 km,5,4,6,2,5,5,1150,410,230,125,50,50,"Missile kinetic/thermal velocity, flight time and explosion radius bonus | Shield resistance or shield capacity bonus | Projectile Turret rate of fire and falloff bonus per level | Sub-warp velocity and signature radius mobility bonus"
Myrmidon,Battlecruiser,Battlecruiser,Gallente,Triple Active Armor Drone BC,THREAT_COMBATANT,Triple Rep Active Armor,0-50 km,7,5,6,3,6,6,1350,440,155,260,50,50,Hybrid Turret damage and tracking speed bonus per level | Armor repairer effectiveness or Armor HP bonus | Role Bonus: Extreme Drone HP and Damage output multiplier (up to 500%)
Myrmidon Navy Issue,Faction Battlecruiser,Battlecruiser,Gallente (Navy),Heavy Web / Drone BC,THREAT_COMBATANT,Armor Buffer,0-40 km,7,5,6,3,6,6,1350,440,155,260,50,50,Hybrid Turret damage and tracking speed bonus per level | Armor repairer effectiveness or Armor HP bonus | Role Bonus: Extreme Drone HP and Damage output multiplier (up to 500%) | Role Bonus: 90% Stasis Webifier velocity reduction strength
Naga,Attack Battlecruiser,Attack Battlecruiser,Caldari,Battleship-Gun Rail Sniper,THREAT_COMBATANT,Paper Thin Shield,80-150 km,8,5,5,3,8,8,9500,410,200,310,0,0,"Missile kinetic/thermal velocity, flight time and explosion radius bonus | Shield resistance or shield capacity bonus | Hybrid Turret damage and tracking speed bonus per level | Armor repairer effectiveness or Armor HP bonus"
Naglfar,Dreadnought,Dreadnought,Minmatar,Capital Projectile Siege,THREAT_CAPITAL,Shield / Armor Active,Capital Grid,6,5,7,3,3,3,650000,950,75,8500,0,0,Projectile Turret rate of fire and falloff bonus per level | Sub-warp velocity and signature radius mobility bonus
Naglfar Navy Issue,Faction Dreadnought,Dreadnought,Minmatar (Fleet),Navy Capital Projectile Dread,THREAT_CAPITAL,Shield / Armor Active,Capital Grid,6,5,7,3,3,3,650000,950,75,8500,0,0,Projectile Turret rate of fire and falloff bonus per level | Sub-warp velocity and signature radius mobility bonus
Navitas,Frigate,Logistics Cruiser,Gallente,Armor Logistics Frigate,THREAT_LOGI,Armor,Remote Armor,5,5,4,2,0,0,1050,440,240,110,25,25,Hybrid Turret damage and tracking speed bonus per level | Armor repairer effectiveness or Armor HP bonus
Nemesis,Stealth Bomber,Stealth Bomber,Gallente,Covert Torpedo / Bomb Bomber,THREAT_COVERT,Paper Thin,30-60 km,5,4,2,2,0,3,45,240,280,40,0,0,Hybrid Turret damage and tracking speed bonus per level | Armor repairer effectiveness or Armor HP bonus | Role Bonus: Covert Ops Cloaking Device fitting & zero cloak reactivation delay
Nestor,Battleship,Battleship,Sisters of EVE,Remote Rep / Wormhole Core,THREAT_PIRATE,Armor Buffer,0-20 km,8,6,7,3,7,7,16500,650,115,420,125,100,
Nidhoggur,Carrier,Carrier,Minmatar,Capital Fighter Carrier,THREAT_CAPITAL,Shield Buffer,Fighter Range,5,6,6,3,0,0,550000,1100,70,9800,0,0,Projectile Turret rate of fire and falloff bonus per level | Sub-warp velocity and signature radius mobility bonus
Nighthawk,Command Ship,Command Ship,Caldari,Shield Fleet Command / HAM,THREAT_T2_COMBAT,Immense Shield Buffer,20-50 km,7,5,6,2,5,5,1600,510,165,240,75,50,"Missile kinetic/thermal velocity, flight time and explosion radius bonus | Shield resistance or shield capacity bonus"
Nightmare,Battleship,Battleship,Sansha's Nation,Fast Laser Battleship,THREAT_PIRATE,Shield Buffer,30-80 km,8,6,7,3,7,7,16500,650,115,420,125,100,Energy Turret Damage & Optimal Range bonus per level | Capacitor usage reduction for Energy Weapons
Ninazu,Force Auxiliary,Force Auxiliary,Gallente,Capital Armor FAX,THREAT_CAPITAL,Active Armor (Triage),Remote Armor,5,6,6,3,0,0,580000,1050,65,9500,0,0,Hybrid Turret damage and tracking speed bonus per level | Armor repairer effectiveness or Armor HP bonus
Noctis,Salvage Ship,Combat Frigate,ORE,Fleet Salvage / Tractor Flagship,THREAT_HAULER,Shield Buffer,0-40 km,3,3,3,3,3,3,45,150,360,38,0,0,
Nomad,Jump Freighter,Freighter,Minmatar,Fast Capital Jump Freighter,THREAT_HAULER,Shield Buffer,0 km,0,0,3,3,0,0,0,0,65,3500,0,0,Projectile Turret rate of fire and falloff bonus per level | Sub-warp velocity and signature radius mobility bonus
Nyx,Supercarrier,Supercarrier,Gallente,Supercapital Heavy Carrier,THREAT_SUPER,Armor Buffer,Omni Grid,6,7,7,3,0,0,1200000,1800,60,18000,0,0,Hybrid Turret damage and tracking speed bonus per level | Armor repairer effectiveness or Armor HP bonus
Obelisk,Freighter,Freighter,Gallente,Standard Sub-Capital Freighter,THREAT_HAULER,Buffer,0 km,0,0,3,3,0,0,0,0,65,3500,0,0,Hybrid Turret damage and tracking speed bonus per level | Armor repairer effectiveness or Armor HP bonus
Occator,Deep Space Transport,Combat Frigate,Gallente,Heavy Armor DST,THREAT_HAULER,Immense Armor Buffer (+2 Warp Core),0 km,3,3,3,3,3,3,45,150,360,38,0,0,Hybrid Turret damage and tracking speed bonus per level | Armor repairer effectiveness or Armor HP bonus
Omen,Cruiser,Cruiser,Amarr,Beam / Pulse Attack Cruiser,THREAT_COMBATANT,Armor Buffer,20-45 km,5,4,5,3,4,4,950,360,220,130,50,50,Energy Turret Damage & Optimal Range bonus per level | Capacitor usage reduction for Energy Weapons
Omen Navy Issue,Faction Cruiser,Cruiser,Amarr (Navy),Heavy Laser Nano Kiter,THREAT_COMBATANT,Armor Buffer,25-55 km,5,4,5,3,4,4,950,360,220,130,50,50,Energy Turret Damage & Optimal Range bonus per level | Capacitor usage reduction for Energy Weapons
Oneiros,Logistics Cruiser,Logistics Cruiser,Gallente,T2 Solo Armor Logistics,THREAT_LOGI,Armor,Remote Armor,5,5,4,2,0,0,1050,440,240,110,25,25,Hybrid Turret damage and tracking speed bonus per level | Armor repairer effectiveness or Armor HP bonus
Oracle,Attack Battlecruiser,Attack Battlecruiser,Amarr,Battleship-Gun Laser Sniper,THREAT_COMBATANT,Paper Thin Armor,60-140 km,8,5,5,3,8,8,9500,410,200,310,0,0,Energy Turret Damage & Optimal Range bonus per level | Capacitor usage reduction for Energy Weapons
Orca,Industrial Command,Industrial,ORE,Heavy Mining Command / Fleet Hangar,THREAT_HAULER,Immense Shield Buffer (300k+ EHP),Mining Boost Range,2,4,4,3,0,0,95,250,130,240,0,0,
Orthrus,Cruiser,Cruiser,Mordu's Legion,Long-Range Point & Web Kiter,THREAT_PIRATE,Shield,35-50 km,5,4,5,3,4,4,950,360,220,130,50,50,Role Bonus: 90% Stasis Webifier velocity reduction strength
Osprey,Cruiser,Logistics Cruiser,Caldari,Shield Logistics Cruiser,THREAT_LOGI,Shield,Remote Shield (Cap Transfer),5,5,4,2,0,0,1050,440,240,110,25,25,"Missile kinetic/thermal velocity, flight time and explosion radius bonus | Shield resistance or shield capacity bonus"
Osprey Navy Issue,Faction Cruiser,Cruiser,Caldari (Navy),Fast Missile Kiter,THREAT_COMBATANT,Shield Buffer,30-60 km,5,4,5,3,4,4,950,360,220,130,50,50,"Missile kinetic/thermal velocity, flight time and explosion radius bonus | Shield resistance or shield capacity bonus"
Pacifier,Frigate,Interceptor,CONCORD,Covert Ops / Fast Interceptor,THREAT_COVERT,Shield / Armor,0-20 km,3,3,3,2,2,2,38,140,470,32,0,0,Role Bonus: Covert Ops Cloaking Device fitting & zero cloak reactivation delay
Paladin,Marauder,Marauder,Amarr,Bastion Beam / Pulse Marauder,THREAT_MARAUDER,Active Armor (Bastion Mode),40-100 km (Mega Pulse / Scorch) / 100-180 km (Tachyon),8,6,7,2,4,4,19500,720,120,440,125,100,"Energy Turret Damage & Optimal Range bonus per level | Capacitor usage reduction for Energy Weapons | Role Bonus: Bastion Module capability (100% weapon range, 100% local rep, EWAR immunity)"
Panther,Black Ops,Black Ops,Minmatar,Covert Jump / Projectile Battleship,THREAT_CYNO,Shield / Armor Buffer,25-60 km,8,6,7,2,6,6,17500,700,140,380,125,100,Projectile Turret rate of fire and falloff bonus per level | Sub-warp velocity and signature radius mobility bonus | Role Bonus: Covert Ops Cloaking Device fitting & zero cloak reactivation delay
Phantasm,Cruiser,Cruiser,Sansha's Nation,100MN AB Laser Cruiser,THREAT_PIRATE,Shield Buffer / Active,15-35 km,5,4,5,3,4,4,950,360,220,130,50,50,Energy Turret Damage & Optimal Range bonus per level | Capacitor usage reduction for Energy Weapons
Phobos,Heavy Interdiction Cruiser,Heavy Interdiction Cruiser,Gallente,Warp Disruption Field Generator,THREAT_BUBBLE,Immense Armor Buffer,0-20 km (Bubble) / Infinite Scram,6,6,4,2,4,4,1300,430,210,140,25,25,Hybrid Turret damage and tracking speed bonus per level | Armor repairer effectiveness or Armor HP bonus
Phoenix,Dreadnought,Dreadnought,Caldari,Capital Torpedo / Cruise Dread,THREAT_CAPITAL,Active Shield (Siege),Capital Grid,6,5,7,3,3,3,650000,950,75,8500,0,0,"Missile kinetic/thermal velocity, flight time and explosion radius bonus | Shield resistance or shield capacity bonus"
Phoenix Navy Issue,Faction Dreadnought,Dreadnought,Caldari (Navy),Navy Capital Missile Dread,THREAT_CAPITAL,Shield Active,Capital Grid,6,5,7,3,3,3,650000,950,75,8500,0,0,"Missile kinetic/thermal velocity, flight time and explosion radius bonus | Shield resistance or shield capacity bonus"
Pilgrim,Force Recon,Force Recon Ship,Amarr,Covert Cloak / Cap Neut / Cyno,THREAT_CYNO,Paper Thin,0-25 km,5,5,4,2,3,3,880,470,225,115,40,40,Energy Turret Damage & Optimal Range bonus per level | Capacitor usage reduction for Energy Weapons | Role Bonus: 100% Energy Drain range and Nosferatu cap-neutral drain bonus | Role Bonus: Covert Ops Cloaking Device fitting & zero cloak reactivation delay
Pontifex,Command Destroyer,Command Destroyer,Amarr,Micro Jump Field / Armor Skiff,THREAT_BUBBLE,Armor Buffer,0-20 km,6,4,4,2,4,4,88,245,330,62,0,0,Energy Turret Damage & Optimal Range bonus per level | Capacitor usage reduction for Energy Weapons
Porpoise,Industrial Command,Industrial,ORE,Compact Mining Command / Booster,THREAT_MINING,Shield Buffer,Mining Boost Range,2,4,4,3,0,0,95,250,130,240,0,0,
Praxis,Battleship,Battleship,Society of Conscious Thought,Multi-Role Line Battleship,THREAT_COMBATANT,Shield / Armor / Hull Buffer,0-80 km,8,6,7,3,7,7,16500,650,115,420,125,100,
Probe,Frigate,Combat Frigate,Minmatar,Exploration / Light Drone,THREAT_COMBATANT,Shield / Armor,0-15 km,3,3,3,3,3,3,45,150,360,38,0,0,Projectile Turret rate of fire and falloff bonus per level | Sub-warp velocity and signature radius mobility bonus | Role Bonus: Extreme Drone HP and Damage output multiplier (up to 500%)
Probe Navy Issue,Faction Frigate,Combat Frigate,Minmatar (Fleet),Combat Explorer / Rocket Brawler,THREAT_COMBATANT,Shield Buffer,0-20 km,3,3,3,3,3,3,45,150,360,38,0,0,Projectile Turret rate of fire and falloff bonus per level | Sub-warp velocity and signature radius mobility bonus
Procurer,Mining Barge,Mining Barge,ORE,Heavy Tanked Mining Barge,THREAT_MINING,Heavy Shield Buffer (60k+ EHP),0-15 km,2,4,2,3,2,0,45,260,100,200,50,25,
Prophecy,Battlecruiser,Battlecruiser,Amarr,Heavy Drone / Armor Fleet BC,THREAT_COMBATANT,Massive Armor Buffer (Triple Trimark),0-50 km,7,5,6,3,6,6,1350,440,155,260,50,50,Energy Turret Damage & Optimal Range bonus per level | Capacitor usage reduction for Energy Weapons | Role Bonus: Extreme Drone HP and Damage output multiplier (up to 500%)
Prophecy Navy Issue,Faction Battlecruiser,Battlecruiser,Amarr (Navy),Navy Missile / Drone BC,THREAT_COMBATANT,Armor Buffer,20-60 km,7,5,6,3,6,6,1350,440,155,260,50,50,"Energy Turret Damage & Optimal Range bonus per level | Capacitor usage reduction for Energy Weapons | Missile kinetic/thermal velocity, flight time and explosion radius bonus | Shield resistance or shield capacity bonus | Role Bonus: Extreme Drone HP and Damage output multiplier (up to 500%)"
Prorator,Blockade Runner,Combat Frigate,Amarr,Covert Fast Hauler,THREAT_HAULER,Cloaked Armor,0 km,3,3,3,3,3,3,45,150,360,38,0,0,Energy Turret Damage & Optimal Range bonus per level | Capacitor usage reduction for Energy Weapons | Role Bonus: Covert Ops Cloaking Device fitting & zero cloak reactivation delay
Prospect,Expedition Frigate,Combat Frigate,ORE,Covert Ops Gas / Ore Miner,THREAT_MINING,Cloaked Shield,0-15 km,3,3,3,3,3,3,45,150,360,38,0,0,Role Bonus: Covert Ops Cloaking Device fitting & zero cloak reactivation delay
Proteus,Strategic Cruiser,Strategic Cruiser,Gallente,Modular T3C (Blaster / Drone / Cloak),THREAT_T2_COMBAT,Armor Buffer / Active,0-25 km,6,6,6,3,5,5,1200,460,235,115,60,50,Hybrid Turret damage and tracking speed bonus per level | Armor repairer effectiveness or Armor HP bonus | Role Bonus: Extreme Drone HP and Damage output multiplier (up to 500%)
Providence,Freighter,Freighter,Amarr,Standard Sub-Capital Freighter,THREAT_HAULER,Buffer,0 km,0,0,3,3,0,0,0,0,65,3500,0,0,Energy Turret Damage & Optimal Range bonus per level | Capacitor usage reduction for Energy Weapons
Prowler,Blockade Runner,Combat Frigate,Minmatar,Covert Fast Hauler,THREAT_HAULER,Cloaked Shield,0 km,3,3,3,3,3,3,45,150,360,38,0,0,Projectile Turret rate of fire and falloff bonus per level | Sub-warp velocity and signature radius mobility bonus | Role Bonus: Covert Ops Cloaking Device fitting & zero cloak reactivation delay
Punisher,Frigate,Combat Frigate,Amarr,Heavy Armor Buffer / Laser Frigate,THREAT_COMBATANT,Immense Armor Buffer (4 Low Slots),0-15 km,3,3,3,3,3,3,45,150,360,38,0,0,Energy Turret Damage & Optimal Range bonus per level | Capacitor usage reduction for Energy Weapons
Purifier,Stealth Bomber,Stealth Bomber,Amarr,Covert Torpedo / Bomb Bomber,THREAT_COVERT,Paper Thin,30-60 km,5,4,2,2,0,3,45,240,280,40,0,0,Energy Turret Damage & Optimal Range bonus per level | Capacitor usage reduction for Energy Weapons | Role Bonus: Covert Ops Cloaking Device fitting & zero cloak reactivation delay
Ragnarok,Titan,Titan,Minmatar,Supercapital Gjallarhorn Titan,THREAT_SUPER,Shield Buffer,Omni Grid,8,7,8,3,6,6,4500000,2500,50,35000,0,0,Projectile Turret rate of fire and falloff bonus per level | Sub-warp velocity and signature radius mobility bonus
Rapier,Force Recon,Force Recon Ship,Minmatar,Covert Cloak / 40km Web / Cyno,THREAT_CYNO,Paper Thin,0-40 km,5,5,4,2,3,3,880,470,225,115,40,40,Projectile Turret rate of fire and falloff bonus per level | Sub-warp velocity and signature radius mobility bonus | Role Bonus: 90% Stasis Webifier velocity reduction strength | Role Bonus: Covert Ops Cloaking Device fitting & zero cloak reactivation delay
Raptor,Interceptor,Interceptor,Caldari,Fleet Tackle / Hybrid Interceptor,THREAT_COMBATANT,Shield,0-15 km,3,3,3,2,2,2,38,140,470,32,0,0,"Missile kinetic/thermal velocity, flight time and explosion radius bonus | Shield resistance or shield capacity bonus | Hybrid Turret damage and tracking speed bonus per level | Armor repairer effectiveness or Armor HP bonus"
Rattlesnake,Battleship,Battleship,Guristas,Heavy Drone / Cruise Battleship,THREAT_PIRATE,Passive / Active Shield,20-80 km,8,6,7,3,7,7,16500,650,115,420,125,100,Role Bonus: Extreme Drone HP and Damage output multiplier (up to 500%)
Raven,Battleship,Battleship,Caldari,Cruise / Torpedo Battleship,THREAT_COMBATANT,Shield Buffer / Active,40-120 km (Cruise) / 15-35 km (Torp),8,6,7,3,7,7,16500,650,115,420,125,100,"Missile kinetic/thermal velocity, flight time and explosion radius bonus | Shield resistance or shield capacity bonus"
Raven Navy Issue,Faction Battleship,Battleship,Caldari (Navy),Cruise / Torp Navy Battleship,THREAT_COMBATANT,Shield Buffer,40-140 km,8,6,7,3,7,7,16500,650,115,420,125,100,"Missile kinetic/thermal velocity, flight time and explosion radius bonus | Shield resistance or shield capacity bonus"
Redeemer,Black Ops,Black Ops,Amarr,Covert Jump / Laser Battleship,THREAT_CYNO,Armor Buffer / Active,30-80 km,8,6,7,2,6,6,17500,700,140,380,125,100,Energy Turret Damage & Optimal Range bonus per level | Capacitor usage reduction for Energy Weapons | Role Bonus: Covert Ops Cloaking Device fitting & zero cloak reactivation delay
Republic Fleet Firetail,Faction Frigate,Combat Frigate,Minmatar (Fleet),High Alpha Projectile Brawler,THREAT_COMBATANT,Shield / Armor,0-15 km,3,3,3,3,3,3,45,150,360,38,0,0,Projectile Turret rate of fire and falloff bonus per level | Sub-warp velocity and signature radius mobility bonus
Retribution,Assault Frigate,Assault Frigate,Amarr,Beam Laser / ADC Assault,THREAT_T2_COMBAT,Armor Buffer + ADC,15-45 km,4,3,4,2,3,3,58,175,380,35,0,0,Energy Turret Damage & Optimal Range bonus per level | Capacitor usage reduction for Energy Weapons
Retriever,Mining Barge,Mining Barge,ORE,High-Capacity Mining Barge,THREAT_MINING,Paper Thin,0-15 km,2,4,2,3,2,0,45,260,100,200,50,25,
Revelation,Dreadnought,Dreadnought,Amarr,Capital Mega Beam / Pulse Dread,THREAT_CAPITAL,Active Armor (Siege),Capital Grid,6,5,7,3,3,3,650000,950,75,8500,0,0,Energy Turret Damage & Optimal Range bonus per level | Capacitor usage reduction for Energy Weapons
Revelation Navy Issue,Faction Dreadnought,Dreadnought,Amarr (Navy),Navy Capital Laser Dread,THREAT_CAPITAL,Armor Active,Capital Grid,6,5,7,3,3,3,650000,950,75,8500,0,0,Energy Turret Damage & Optimal Range bonus per level | Capacitor usage reduction for Energy Weapons
Revenant,Supercarrier,Supercarrier,Sansha's Nation,Pirate Supercarrier,THREAT_SUPER,Shield Buffer,Omni Grid,6,7,7,3,0,0,1200000,1800,60,18000,0,0,
Rhea,Jump Freighter,Freighter,Caldari,Capital Jump Freighter,THREAT_HAULER,Shield Buffer,0 km,0,0,3,3,0,0,0,0,65,3500,0,0,"Missile kinetic/thermal velocity, flight time and explosion radius bonus | Shield resistance or shield capacity bonus"
Rifter,Frigate,Combat Frigate,Minmatar,Projectile Brawler / Kiter,THREAT_COMBATANT,Armor / Shield Buffer,0-15 km,3,3,3,3,3,3,45,150,360,38,0,0,Projectile Turret rate of fire and falloff bonus per level | Sub-warp velocity and signature radius mobility bonus
Rodiva,Cruiser,Cruiser,Triglavian,Spooling Remote Armor Rep,THREAT_LOGI,Armor,Remote Rep Range,5,4,5,3,4,4,950,360,220,130,50,50,
Rokh,Battleship,Battleship,Caldari,Rail Sniper Battleship,THREAT_COMBATANT,Shield Buffer,80-160 km,8,6,7,3,7,7,16500,650,115,420,125,100,"Missile kinetic/thermal velocity, flight time and explosion radius bonus | Shield resistance or shield capacity bonus | Hybrid Turret damage and tracking speed bonus per level | Armor repairer effectiveness or Armor HP bonus"
Rook,Combat Recon,Combat Recon Ship,Caldari,D-Scan Immune ECM Cruiser,THREAT_ECM,Shield Buffer,50-90 km,5,5,4,2,4,4,900,480,215,120,50,50,"Missile kinetic/thermal velocity, flight time and explosion radius bonus | Shield resistance or shield capacity bonus"
Rorqual,Capital Industrial,Industrial,ORE,Capital Mining Command / PANIC,THREAT_CAPITAL,Active Shield (Industrial Core + PANIC),Mining Grid,2,4,4,3,0,0,95,250,130,240,0,0,
Rupture,Cruiser,Cruiser,Minmatar,Heavy Projectile Fleet Cruiser,THREAT_COMBATANT,Armor / Shield Buffer,0-25 km,5,4,5,3,4,4,950,360,220,130,50,50,Projectile Turret rate of fire and falloff bonus per level | Sub-warp velocity and signature radius mobility bonus
Sabre,Interdictor,Interdictor,Minmatar,Premier Warp Bubble Launcher,THREAT_BUBBLE,Shield Buffer,0-15 km,8,3,3,2,6,6,76,225,325,68,0,0,Projectile Turret rate of fire and falloff bonus per level | Sub-warp velocity and signature radius mobility bonus
Sacrilege,Heavy Assault Cruiser,Heavy Assault Cruiser,Amarr,HAC Heavy Assault Missile Brawler,THREAT_T2_COMBAT,Heavy Armor Buffer / Active + ADC,15-40 km,5,4,6,2,5,5,1150,410,230,125,50,50,"Energy Turret Damage & Optimal Range bonus per level | Capacitor usage reduction for Energy Weapons | Missile kinetic/thermal velocity, flight time and explosion radius bonus | Shield resistance or shield capacity bonus"
Scalpel,Logistics Frigate,Logistics Cruiser,Minmatar,T2 Shield Logistics Frigate,THREAT_LOGI,Shield,Remote Shield,5,5,4,2,0,0,1050,440,240,110,25,25,Projectile Turret rate of fire and falloff bonus per level | Sub-warp velocity and signature radius mobility bonus
Scimitar,Logistics Cruiser,Logistics Cruiser,Minmatar,T2 Solo Shield Logistics,THREAT_LOGI,Shield,Remote Shield,5,5,4,2,0,0,1050,440,240,110,25,25,Projectile Turret rate of fire and falloff bonus per level | Sub-warp velocity and signature radius mobility bonus
Scorpion,Battleship,Battleship,Caldari,Fleet ECM Battleship,THREAT_ECM,Shield Buffer,60-120 km,8,6,7,3,7,7,16500,650,115,420,125,100,"Missile kinetic/thermal velocity, flight time and explosion radius bonus | Shield resistance or shield capacity bonus"
Scorpion Navy Issue,Faction Battleship,Battleship,Caldari (Navy),Heavy Shield / Missile Brawler,THREAT_COMBATANT,Immense Shield Buffer,30-80 km,8,6,7,3,7,7,16500,650,115,420,125,100,"Missile kinetic/thermal velocity, flight time and explosion radius bonus | Shield resistance or shield capacity bonus"
Scythe,Cruiser,Logistics Cruiser,Minmatar,Shield Logistics Cruiser,THREAT_LOGI,Shield,Remote Shield,5,5,4,2,0,0,1050,440,240,110,25,25,Projectile Turret rate of fire and falloff bonus per level | Sub-warp velocity and signature radius mobility bonus
Scythe Navy Issue,Faction Cruiser,Cruiser,Minmatar (Fleet),Fast Missile / Rocket Kiter,THREAT_COMBATANT,Shield Buffer,25-60 km,5,4,5,3,4,4,950,360,220,130,50,50,"Missile kinetic/thermal velocity, flight time and explosion radius bonus | Shield resistance or shield capacity bonus | Projectile Turret rate of fire and falloff bonus per level | Sub-warp velocity and signature radius mobility bonus"
Sentinel,Electronic Attack Ship,Electronic Attack Ship,Amarr,Long-Range Cap Drain & Tracking Disruptor,THREAT_ECM,Paper Thin,30-50 km,3,5,3,2,2,2,42,220,390,36,15,15,Energy Turret Damage & Optimal Range bonus per level | Capacitor usage reduction for Energy Weapons
Sigil,Industrial,Industrial,Amarr,Fast Industrial Hauler,THREAT_HAULER,Paper Thin,0 km,2,4,4,3,0,0,95,250,130,240,0,0,Energy Turret Damage & Optimal Range bonus per level | Capacitor usage reduction for Energy Weapons
Sin,Black Ops,Black Ops,Gallente,Covert Jump / Drone / Neut Battleship,THREAT_CYNO,Armor Buffer / Active,0-60 km,8,6,7,2,6,6,17500,700,140,380,125,100,Hybrid Turret damage and tracking speed bonus per level | Armor repairer effectiveness or Armor HP bonus | Role Bonus: Extreme Drone HP and Damage output multiplier (up to 500%) | Role Bonus: 100% Energy Drain range and Nosferatu cap-neutral drain bonus | Role Bonus: Covert Ops Cloaking Device fitting & zero cloak reactivation delay
Skiff,Exhumer,Exhumer,ORE,Immense Tanked T2 Exhumer,THREAT_MINING,Immense Shield Buffer (100k+ EHP),0-15 km,2,4,3,2,2,0,60,320,110,180,50,50,
Skybreaker,Frigate,Combat Frigate,EDENCOM,Vortron Arcing Frigate,THREAT_COMBATANT,Shield,0-15 km,3,3,3,3,3,3,45,150,360,38,0,0,
Slasher,Frigate,Combat Frigate,Minmatar,Fast Tackle / Projectile Tackler,THREAT_COMBATANT,Shield Buffer,0-10 km,3,3,3,3,3,3,45,150,360,38,0,0,Projectile Turret rate of fire and falloff bonus per level | Sub-warp velocity and signature radius mobility bonus
Sleipnir,Command Ship,Command Ship,Minmatar,Shield Fleet Command / Autocannon Brawler,THREAT_T2_COMBAT,Immense Active Shield (Dual XL-ASB),15-40 km,7,5,6,2,5,5,1600,510,165,240,75,50,Projectile Turret rate of fire and falloff bonus per level | Sub-warp velocity and signature radius mobility bonus
Stabber,Cruiser,Cruiser,Minmatar,Autocannon / Artillery Attack Cruiser,THREAT_COMBATANT,Shield Buffer,0-20 km (AC) / 40-70 km (Art),5,4,5,3,4,4,950,360,220,130,50,50,Projectile Turret rate of fire and falloff bonus per level | Sub-warp velocity and signature radius mobility bonus
Stabber Navy Issue,Faction Cruiser,Cruiser,Minmatar (Fleet),Heavy Projectile Nano Kiter,THREAT_COMBATANT,Shield / Armor Buffer,15-35 km,5,4,5,3,4,4,950,360,220,130,50,50,Projectile Turret rate of fire and falloff bonus per level | Sub-warp velocity and signature radius mobility bonus
Stiletto,Interceptor,Interceptor,Minmatar,Premier Fast Tackle Interceptor,THREAT_COMBATANT,Shield,0-15 km,3,3,3,2,2,2,38,140,470,32,0,0,Projectile Turret rate of fire and falloff bonus per level | Sub-warp velocity and signature radius mobility bonus
Stork,Command Destroyer,Command Destroyer,Caldari,Micro Jump Field / Shield Skiff,THREAT_BUBBLE,Shield Buffer,0-20 km,6,4,4,2,4,4,88,245,330,62,0,0,"Missile kinetic/thermal velocity, flight time and explosion radius bonus | Shield resistance or shield capacity bonus"
Stormbringer,Cruiser,Cruiser,EDENCOM,Vortron Arcing Cruiser,THREAT_COMBATANT,Shield,15-35 km,5,4,5,3,4,4,950,360,220,130,50,50,
Stratios,Cruiser,Cruiser,Sisters of EVE,Covert Ops / Drone Brawler,THREAT_PIRATE,Armor Buffer / Dual Rep,0-30 km,5,4,5,3,4,4,950,360,220,130,50,50,Role Bonus: Extreme Drone HP and Damage output multiplier (up to 500%) | Role Bonus: Covert Ops Cloaking Device fitting & zero cloak reactivation delay
Succubus,Frigate,Combat Frigate,Sansha's Nation,AB Speed Laser Frigate,THREAT_PIRATE,Shield,0-15 km,3,3,3,3,3,3,45,150,360,38,0,0,Energy Turret Damage & Optimal Range bonus per level | Capacitor usage reduction for Energy Weapons
Sunesis,Destroyer,Destroyer,Society of Conscious Thought,Insta-Align Multi-Role Destroyer,THREAT_COMBATANT,Shield / Armor Buffer,0-25 km,8,2,3,3,7,7,72,200,310,65,0,0,
Svipul,Tactical Destroyer,Tactical Destroyer,Minmatar,T3 Mode-Switching Projectile Destroyer,THREAT_T2_COMBAT,Active / Passive Shield / Armor,0-40 km,6,4,4,1,4,4,84,235,315,60,0,0,Projectile Turret rate of fire and falloff bonus per level | Sub-warp velocity and signature radius mobility bonus
Talos,Attack Battlecruiser,Attack Battlecruiser,Gallente,Battleship-Gun Blaster / Rail Sniper,THREAT_COMBATANT,Paper Thin Shield/Armor,0-20 km (Blasters) / 80-140 km (Rails),8,5,5,3,8,8,9500,410,200,310,0,0,Hybrid Turret damage and tracking speed bonus per level | Armor repairer effectiveness or Armor HP bonus
Talwar,Destroyer,Destroyer,Minmatar,Light Missile / Rocket Kiter,THREAT_COMBATANT,Shield Buffer,30-65 km,8,2,3,3,7,7,72,200,310,65,0,0,"Missile kinetic/thermal velocity, flight time and explosion radius bonus | Shield resistance or shield capacity bonus | Projectile Turret rate of fire and falloff bonus per level | Sub-warp velocity and signature radius mobility bonus"
Taranis,Interceptor,Interceptor,Gallente,Combat Blaster Interceptor,THREAT_COMBATANT,Armor,0-8 km,3,3,3,2,2,2,38,140,470,32,0,0,Hybrid Turret damage and tracking speed bonus per level | Armor repairer effectiveness or Armor HP bonus
Tayra,Industrial,Industrial,Caldari,High-Capacity Hauler,THREAT_HAULER,Paper Thin,0 km,2,4,4,3,0,0,95,250,130,240,0,0,"Missile kinetic/thermal velocity, flight time and explosion radius bonus | Shield resistance or shield capacity bonus"
Tempest,Battleship,Battleship,Minmatar,Artillery / AC Battleship,THREAT_COMBATANT,Shield / Armor,20-40 km AC / 100+ km Art,8,6,7,3,7,7,16500,650,115,420,125,100,Projectile Turret rate of fire and falloff bonus per level | Sub-warp velocity and signature radius mobility bonus
Tempest Fleet Issue,Faction Battleship,Battleship,Minmatar (Fleet),Artillery / AC High Alpha Battleship,THREAT_COMBATANT,Shield / Armor Buffer,25-50 km AC / 100+ km Art,8,6,7,3,7,7,16500,650,115,420,125,100,Projectile Turret rate of fire and falloff bonus per level | Sub-warp velocity and signature radius mobility bonus
Tengu,Strategic Cruiser,Strategic Cruiser,Caldari,Modular T3C (Missile / Rail / Cloak),THREAT_T2_COMBAT,Shield Buffer / Active,30-90 km,6,6,6,3,5,5,1200,460,235,115,60,50,"Missile kinetic/thermal velocity, flight time and explosion radius bonus | Shield resistance or shield capacity bonus | Hybrid Turret damage and tracking speed bonus per level | Armor repairer effectiveness or Armor HP bonus"
Thalia,Logistics Frigate,Logistics Cruiser,Gallente,T2 Armor Logistics Frigate,THREAT_LOGI,Armor,Remote Armor,5,5,4,2,0,0,1050,440,240,110,25,25,Hybrid Turret damage and tracking speed bonus per level | Armor repairer effectiveness or Armor HP bonus
Thanatos,Carrier,Carrier,Gallente,Capital Fighter Carrier,THREAT_CAPITAL,Armor Buffer,Fighter Range,5,6,6,3,0,0,550000,1100,70,9800,0,0,Hybrid Turret damage and tracking speed bonus per level | Armor repairer effectiveness or Armor HP bonus
Thorax,Cruiser,Cruiser,Gallente,Blaster / Rail Fleet Cruiser,THREAT_COMBATANT,Armor / Shield Buffer,0-15 km,5,4,5,3,4,4,950,360,220,130,50,50,Hybrid Turret damage and tracking speed bonus per level | Armor repairer effectiveness or Armor HP bonus
Thrasher,Destroyer,Destroyer,Minmatar,Autocannon / Artillery High Alpha,THREAT_COMBATANT,Shield / Armor Buffer,0-15 km AC / 40-70 km Art,8,2,3,3,7,7,72,200,310,65,0,0,Projectile Turret rate of fire and falloff bonus per level | Sub-warp velocity and signature radius mobility bonus
Thrasher Navy Issue,Faction Destroyer,Destroyer,Minmatar (Fleet),Navy Projectile Brawler,THREAT_COMBATANT,Armor / Shield Buffer,0-20 km,8,2,3,3,7,7,72,200,310,65,0,0,Projectile Turret rate of fire and falloff bonus per level | Sub-warp velocity and signature radius mobility bonus
Thunderchild,Battleship,Battleship,EDENCOM,Heavy Vortron Battleship,THREAT_COMBATANT,Shield Buffer,30-70 km,8,6,7,3,7,7,16500,650,115,420,125,100,
Tormentor,Frigate,Combat Frigate,Amarr,Laser / Drone Brawler,THREAT_COMBATANT,Armor Buffer / Active,0-15 km,3,3,3,3,3,3,45,150,360,38,0,0,Energy Turret Damage & Optimal Range bonus per level | Capacitor usage reduction for Energy Weapons | Role Bonus: Extreme Drone HP and Damage output multiplier (up to 500%)
Tornado,Attack Battlecruiser,Attack Battlecruiser,Minmatar,Battleship-Gun 1400mm Artillery Sniper,THREAT_COMBATANT,Paper Thin Shield,80-150 km,8,5,5,3,8,8,9500,410,200,310,0,0,Projectile Turret rate of fire and falloff bonus per level | Sub-warp velocity and signature radius mobility bonus
Tristan,Frigate,Combat Frigate,Gallente,Drone Kiter / Brawler,THREAT_COMBATANT,Armor / Shield / Hull,0-30 km,3,3,3,3,3,3,45,150,360,38,0,0,Hybrid Turret damage and tracking speed bonus per level | Armor repairer effectiveness or Armor HP bonus | Role Bonus: Extreme Drone HP and Damage output multiplier (up to 500%)
Typhoon,Battleship,Battleship,Minmatar,Cruise / Torpedo / Cruise BS,THREAT_COMBATANT,Armor / Shield Buffer / Active,30-100 km,8,6,7,3,7,7,16500,650,115,420,125,100,Projectile Turret rate of fire and falloff bonus per level | Sub-warp velocity and signature radius mobility bonus
Typhoon Fleet Issue,Faction Battleship,Battleship,Minmatar (Fleet),Navy Missile / Cruise Battleship,THREAT_COMBATANT,Armor / Shield Buffer,40-120 km,8,6,7,3,7,7,16500,650,115,420,125,100,"Missile kinetic/thermal velocity, flight time and explosion radius bonus | Shield resistance or shield capacity bonus | Projectile Turret rate of fire and falloff bonus per level | Sub-warp velocity and signature radius mobility bonus"
Vagabond,Heavy Assault Cruiser,Heavy Assault Cruiser,Minmatar,HAC Active Shield Nano Kiter,THREAT_T2_COMBAT,Active Shield (Dual XL-ASB) + ADC,15-35 km,5,4,6,2,5,5,1150,410,230,125,50,50,Projectile Turret rate of fire and falloff bonus per level | Sub-warp velocity and signature radius mobility bonus
Valravn,Lancer Dreadnought,Dreadnought,Minmatar,Disruptive Lancer Dread,THREAT_CAPITAL,Shield Active,Lancer Beam,6,5,7,3,3,3,650000,950,75,8500,0,0,Projectile Turret rate of fire and falloff bonus per level | Sub-warp velocity and signature radius mobility bonus
Vanquisher,Titan,Titan,Serpentis,Serpentis Supercapital,THREAT_SUPER,Armor Buffer,Omni Grid,8,7,8,3,6,6,4500000,2500,50,35000,0,0,Role Bonus: 90% Stasis Webifier velocity reduction strength
Vargur,Marauder,Marauder,Minmatar,Bastion Autocannon / Artillery Marauder,THREAT_MARAUDER,Active Shield (Dual XL-ASB in Bastion),25-60 km (AC) / 100-180 km (Artillery),8,6,7,2,4,4,19500,720,120,440,125,100,"Projectile Turret rate of fire and falloff bonus per level | Sub-warp velocity and signature radius mobility bonus | Role Bonus: Bastion Module capability (100% weapon range, 100% local rep, EWAR immunity)"
Vedmak,Cruiser,Cruiser,Triglavian,Spooling Disintegrator Cruiser,THREAT_PIRATE,Armor,10-35 km,5,4,5,3,4,4,950,360,220,130,50,50,
Vehement,Dreadnought,Dreadnought,Serpentis,Pirate Blaster / Web Dread,THREAT_CAPITAL,Armor Active,0-30 km,6,5,7,3,3,3,650000,950,75,8500,0,0,Hybrid Turret damage and tracking speed bonus per level | Armor repairer effectiveness or Armor HP bonus | Role Bonus: 90% Stasis Webifier velocity reduction strength
Vengeance,Assault Frigate,Assault Frigate,Amarr,Rocket / Active Armor Assault,THREAT_T2_COMBAT,Active Armor + ADC,0-20 km,4,3,4,2,3,3,58,175,380,35,0,0,Energy Turret Damage & Optimal Range bonus per level | Capacitor usage reduction for Energy Weapons
Venture,Mining Frigate,Combat Frigate,ORE,Gas / Ore / +2 Warp Core Miner,THREAT_MINING,Shield Buffer,0-15 km,3,3,3,3,3,3,45,150,360,38,0,0,
Vexor,Cruiser,Cruiser,Gallente,Heavy Drone / Armor Cruiser,THREAT_COMBATANT,Armor Buffer / Active / Hull,0-50 km,5,4,5,3,4,4,950,360,220,130,50,50,Hybrid Turret damage and tracking speed bonus per level | Armor repairer effectiveness or Armor HP bonus | Role Bonus: Extreme Drone HP and Damage output multiplier (up to 500%)
Vexor Navy Issue,Faction Cruiser,Cruiser,Gallente (Navy),Heavy Drone / Hybrid Combat Cruiser,THREAT_COMBATANT,Armor Buffer / Shield,0-50 km,5,4,5,3,4,4,950,360,220,130,50,50,Hybrid Turret damage and tracking speed bonus per level | Armor repairer effectiveness or Armor HP bonus | Role Bonus: Extreme Drone HP and Damage output multiplier (up to 500%)
Viator,Blockade Runner,Combat Frigate,Gallente,Covert Fast Hauler,THREAT_HAULER,Cloaked Armor,0 km,3,3,3,3,3,3,45,150,360,38,0,0,Hybrid Turret damage and tracking speed bonus per level | Armor repairer effectiveness or Armor HP bonus | Role Bonus: Covert Ops Cloaking Device fitting & zero cloak reactivation delay
Vigil,Frigate,Combat Frigate,Minmatar,Target Painter Frigate,THREAT_ECM,Paper Thin,40-80 km,3,3,3,3,3,3,45,150,360,38,0,0,Projectile Turret rate of fire and falloff bonus per level | Sub-warp velocity and signature radius mobility bonus
Vigil Navy Issue,Faction Frigate,Combat Frigate,Minmatar (Fleet),Dual Web Rocket Brawler,THREAT_COMBATANT,Shield Buffer,0-20 km,3,3,3,3,3,3,45,150,360,38,0,0,Projectile Turret rate of fire and falloff bonus per level | Sub-warp velocity and signature radius mobility bonus | Role Bonus: 90% Stasis Webifier velocity reduction strength
Vigilant,Cruiser,Cruiser,Serpentis,90% Web Blaster Cruiser,THREAT_PIRATE,Armor,0-15 km,5,4,5,3,4,4,950,360,220,130,50,50,Hybrid Turret damage and tracking speed bonus per level | Armor repairer effectiveness or Armor HP bonus | Role Bonus: 90% Stasis Webifier velocity reduction strength
Vindicator,Battleship,Battleship,Serpentis,90% Web Blaster Battleship,THREAT_PIRATE,Armor,0-20 km,8,6,7,3,7,7,16500,650,115,420,125,100,Hybrid Turret damage and tracking speed bonus per level | Armor repairer effectiveness or Armor HP bonus | Role Bonus: 90% Stasis Webifier velocity reduction strength
Vulture,Command Ship,Command Ship,Caldari,Shield Fleet Command / Rail Sniper,THREAT_T2_COMBAT,Immense Shield Buffer,60-140 km,7,5,6,2,5,5,1600,510,165,240,75,50,"Missile kinetic/thermal velocity, flight time and explosion radius bonus | Shield resistance or shield capacity bonus | Hybrid Turret damage and tracking speed bonus per level | Armor repairer effectiveness or Armor HP bonus"
Widow,Black Ops,Black Ops,Caldari,Covert Jump / ECM Battleship,THREAT_CYNO,Shield Buffer / Active,40-90 km,8,6,7,2,6,6,17500,700,140,380,125,100,"Missile kinetic/thermal velocity, flight time and explosion radius bonus | Shield resistance or shield capacity bonus | Role Bonus: Covert Ops Cloaking Device fitting & zero cloak reactivation delay"
Wolf,Assault Frigate,Assault Frigate,Minmatar,Autocannon / Artillery Assault,THREAT_T2_COMBAT,Armor Buffer / SAAR + ADC,0-15 km (AC) / 25-50 km (Art),4,3,4,2,3,3,58,175,380,35,0,0,Projectile Turret rate of fire and falloff bonus per level | Sub-warp velocity and signature radius mobility bonus
Worm,Frigate,Combat Frigate,Guristas,Heavy Drone / Missile Frigate,THREAT_PIRATE,Shield Buffer / Passive (300% Drone Bonus),0-40 km,3,3,3,3,3,3,45,150,360,38,0,0,"Missile kinetic/thermal velocity, flight time and explosion radius bonus | Shield resistance or shield capacity bonus | Role Bonus: Extreme Drone HP and Damage output multiplier (up to 500%)"
Wreathe,Industrial,Industrial,Minmatar,Fast Industrial Hauler,THREAT_HAULER,Paper Thin,0 km,2,4,4,3,0,0,95,250,130,240,0,0,Projectile Turret rate of fire and falloff bonus per level | Sub-warp velocity and signature radius mobility bonus
Wyvern,Supercarrier,Supercarrier,Caldari,Supercapital Heavy Carrier,THREAT_SUPER,Shield Buffer,Omni Grid,6,7,7,3,0,0,1200000,1800,60,18000,0,0,"Missile kinetic/thermal velocity, flight time and explosion radius bonus | Shield resistance or shield capacity bonus"
Zarmazd,Logistics Cruiser,Logistics Cruiser,Triglavian,T2 Spooling Remote Armor,THREAT_LOGI,Armor,Remote Rep Range,5,5,4,2,0,0,1050,440,240,110,25,25,
Zealot,Heavy Assault Cruiser,Heavy Assault Cruiser,Amarr,HAC Beam Laser Sniper,THREAT_T2_COMBAT,Armor Buffer + ADC,40-90 km,5,4,6,2,5,5,1150,410,230,125,50,50,Energy Turret Damage & Optimal Range bonus per level | Capacitor usage reduction for Energy Weapons
Zirnitra,Dreadnought,Dreadnought,Triglavian,Capital Disintegrator Siege,THREAT_CAPITAL,Armor Active,Capital Grid,6,5,7,3,3,3,650000,950,75,8500,0,0,
