SystemName,Region,Constellation,SecurityStatus,TrueSec,SystemClass,Stargates,Stations,Faction
Jita,The Forge,Kimotoro,0.9,0.94,Highsec (Main Trade Hub 4-4),4,14,Caldari State
Amarr,Domain,Throne Worlds,1.0,1.0,Highsec (Imperial Trade Hub / Capital),3,12,Amarr Empire
Dodixie,Sinq Laison,Gallente Prime,0.9,0.86,Highsec (Gallente Trade Hub),4,9,Gallente Federation
Rens,Heimatar,Hed,0.9,0.88,Highsec (Minmatar Trade Hub),4,11,Minmatar Republic
Hek,Metropolis,Hedion,0.5,0.54,Highsec (Lowsec Gateway Trade Hub),3,6,Minmatar Republic
Perimeter,The Forge,Kimotoro,1.0,0.98,Highsec (Market Perimeter Gateway),4,8,Caldari State
1DQ1-A,Delve,1DQ1-A,-0.1,-0.87,Nullsec (Imperium Fleet Staging),5,4,Nullsec Sovereign
MJ-5F9,Kalevala Expanse,MJ-5F9,-0.1,-0.74,Nullsec (Pandemic Horde Staging),4,3,Nullsec Sovereign
4-P22S,Fade,4-P22S,-0.2,-0.65,Nullsec (Northern Coalition Fleet Staging),4,2,Nullsec Sovereign
B-R5RB,Impass,B-R5RB,-0.1,-0.76,Nullsec (Site of the Titan Bloodbath Monument),4,2,Nullsec Sovereign
M-OEE8,Tribute,M-OEE8,-0.1,-0.52,Nullsec (Historic Keepstar Citadel Siege),4,2,Nullsec Sovereign
6VDT-H,Fountain,6VDT-H,-0.2,-0.68,Nullsec (Fountain Battle Capital Gateway),4,3,Nullsec Sovereign
HED-GP,Catch,Catch Gateway,-0.1,-0.45,Nullsec (High-Traffic Lowsec/Empire Pipe Chokepoint),4,2,Nullsec Sovereign
EC-P8R,Pure Blind,EC-P8R,-0.1,-0.48,Nullsec (Caldari Border Chokepoint),4,2,Nullsec Sovereign
GE-8JV,Catch,Catch Core,-0.1,-0.72,Nullsec (Brave Collective Capital Staging),4,3,Nullsec Sovereign
V-3YG7,Insmother,Insmother Core,-0.2,-0.82,Nullsec (WinterCo / Fraternity Capital Staging),4,3,Nullsec Sovereign
Tama,The Citadel,Okuroda,0.3,0.28,Lowsec (Premier Caldari/Gallente FW Meatgrinder),4,4,Faction Warfare (Caldari / Gallente)
Amamake,Heimatar,Hedion,0.4,0.38,Lowsec (Minmatar / Amarr FW Top Belt),3,3,Faction Warfare (Minmatar / Amarr)
Rancer,Everyshore,Rancer Pipe,0.4,0.35,Lowsec (Notorious Smartbomb Gatecamp Pipe),2,1,Pirate Insurgency / Lowsec
Ahbazon,Genesis,Ahbazon Pipe,0.4,0.39,Lowsec (Shortest Highsec Pipe to Amarr / Heavy Gatecamp),2,2,Lowsec Chokepoint
Huola,The Bleak Lands,Huola,0.4,0.36,Lowsec (Amarr / Minmatar FW Complex Warzone),4,4,Faction Warfare
Kamela,The Bleak Lands,Huola,0.4,0.38,Lowsec (Amarr Militia Headquarters),3,3,Faction Warfare
Otela,Pochven,Krai Veles,-1.0,-1.0,Triglavian Space (Pochven Filament Gateway),3,2,Triglavian Collective
Skarkon,Pochven,Krai Svarog,-1.0,-1.0,Triglavian Space (Pochven Flashpoint Warzone),3,2,Triglavian Collective
Raravoss,Pochven,Krai Perun,-1.0,-1.0,Triglavian Space (First Stellar Harvester Conversion),3,2,Triglavian Collective
Thera,Anoikis (W-Space),Thera Constellation,-0.9,-0.99,Shattered Wormhole (Epicenter of W-Space Navigation),0,4,Sisters of EVE
Zarzakh,The Deathless Void,Zarzakh,-0.1,-0.99,Ancient Jove Star Gate Hub (Deathless Gate Network),4,1,The Deathless
J105934,W-Space (Class 5),C5 Core,-1.0,-1.0,Wormhole Class 5 (High-End Capital Escalation Site),0,0,Sleeper Enclave
J115405,W-Space (Class 6),C6 Core,-1.0,-1.0,Wormhole Class 6 (Apex Magnetar / Dreadnought Site),0,0,Sleeper Enclave
THE-01B,The Forge,The Forge Constellation 1,0.8,0.75,Highsec Empire System,4,3,Caldari
THE-02C,The Forge,The Forge Constellation 1,0.8,0.75,Highsec Empire System,4,3,Caldari
THE-03D,The Forge,The Forge Constellation 1,0.8,0.75,Highsec Empire System,4,3,Caldari
THE-04E,The Forge,The Forge Constellation 1,0.8,0.75,Highsec Empire System,4,3,Caldari
THE-05F,The Forge,The Forge Constellation 2,0.8,0.75,Highsec Empire System,4,3,Caldari
THE-06G,The Forge,The Forge Constellation 2,0.8,0.75,Highsec Empire System,4,3,Caldari
THE-07H,The Forge,The Forge Constellation 2,0.8,0.75,Highsec Empire System,4,3,Caldari
THE-08I,The Forge,The Forge Constellation 2,0.8,0.75,Highsec Empire System,4,3,Caldari
THE-09J,The Forge,The Forge Constellation 3,0.8,0.75,Highsec Empire System,4,3,Caldari
THE-10K,The Forge,The Forge Constellation 3,0.8,0.75,Highsec Empire System,4,3,Caldari
THE-11L,The Forge,The Forge Constellation 3,0.8,0.75,Highsec Empire System,4,3,Caldari
DOM-01B,Domain,Domain Constellation 1,0.9,0.85,Highsec Empire System,4,3,Amarr
DOM-02C,Domain,Domain Constellation 1,0.9,0.85,Highsec Empire System,4,3,Amarr
DOM-03D,Domain,Domain Constellation 1,0.9,0.85,Highsec Empire System,4,3,Amarr
DOM-04E,Domain,Domain Constellation 1,0.9,0.85,Highsec Empire System,4,3,Amarr
DOM-05F,Domain,Domain Constellation 2,0.9,0.85,Highsec Empire System,4,3,Amarr
DOM-06G,Domain,Domain Constellation 2,0.9,0.85,Highsec Empire System,4,3,Amarr
DOM-07H,Domain,Domain Constellation 2,0.9,0.85,Highsec Empire System,4,3,Amarr
DOM-08I,Domain,Domain Constellation 2,0.9,0.85,Highsec Empire System,4,3,Amarr
DOM-09J,Domain,Domain Constellation 3,0.9,0.85,Highsec Empire System,4,3,Amarr
DOM-10K,Domain,Domain Constellation 3,0.9,0.85,Highsec Empire System,4,3,Amarr
DOM-11L,Domain,Domain Constellation 3,0.9,0.85,Highsec Empire System,4,3,Amarr
SIN-01B,Sinq Laison,Sinq Laison Constellation 1,0.8,0.75,Highsec Empire System,4,3,Gallente
SIN-02C,Sinq Laison,Sinq Laison Constellation 1,0.8,0.75,Highsec Empire System,4,3,Gallente
SIN-03D,Sinq Laison,Sinq Laison Constellation 1,0.8,0.75,Highsec Empire System,4,3,Gallente
SIN-04E,Sinq Laison,Sinq Laison Constellation 1,0.8,0.75,Highsec Empire System,4,3,Gallente
SIN-05F,Sinq Laison,Sinq Laison Constellation 2,0.8,0.75,Highsec Empire System,4,3,Gallente
SIN-06G,Sinq Laison,Sinq Laison Constellation 2,0.8,0.75,Highsec Empire System,4,3,Gallente
SIN-07H,Sinq Laison,Sinq Laison Constellation 2,0.8,0.75,Highsec Empire System,4,3,Gallente
SIN-08I,Sinq Laison,Sinq Laison Constellation 2,0.8,0.75,Highsec Empire System,4,3,Gallente
SIN-09J,Sinq Laison,Sinq Laison Constellation 3,0.8,0.75,Highsec Empire System,4,3,Gallente
SIN-10K,Sinq Laison,Sinq Laison Constellation 3,0.8,0.75,Highsec Empire System,4,3,Gallente
SIN-11L,Sinq Laison,Sinq Laison Constellation 3,0.8,0.75,Highsec Empire System,4,3,Gallente
HEI-01B,Heimatar,Heimatar Constellation 1,0.8,0.75,Highsec Empire System,4,3,Minmatar
HEI-02C,Heimatar,Heimatar Constellation 1,0.8,0.75,Highsec Empire System,4,3,Minmatar
HEI-03D,Heimatar,Heimatar Constellation 1,0.8,0.75,Highsec Empire System,4,3,Minmatar
HEI-04E,Heimatar,Heimatar Constellation 1,0.8,0.75,Highsec Empire System,4,3,Minmatar
HEI-05F,Heimatar,Heimatar Constellation 2,0.8,0.75,Highsec Empire System,4,3,Minmatar
HEI-06G,Heimatar,Heimatar Constellation 2,0.8,0.75,Highsec Empire System,4,3,Minmatar
HEI-07H,Heimatar,Heimatar Constellation 2,0.8,0.75,Highsec Empire System,4,3,Minmatar
HEI-08I,Heimatar,Heimatar Constellation 2,0.8,0.75,Highsec Empire System,4,3,Minmatar
HEI-09J,Heimatar,Heimatar Constellation 3,0.8,0.75,Highsec Empire System,4,3,Minmatar
HEI-10K,Heimatar,Heimatar Constellation 3,0.8,0.75,Highsec Empire System,4,3,Minmatar
HEI-11L,Heimatar,Heimatar Constellation 3,0.8,0.75,Highsec Empire System,4,3,Minmatar
MET-01B,Metropolis,Metropolis Constellation 1,0.7,0.65,Highsec Empire System,4,3,Minmatar
MET-02C,Metropolis,Metropolis Constellation 1,0.7,0.65,Highsec Empire System,4,3,Minmatar
MET-03D,Metropolis,Metropolis Constellation 1,0.7,0.65,Highsec Empire System,4,3,Minmatar
MET-04E,Metropolis,Metropolis Constellation 1,0.7,0.65,Highsec Empire System,4,3,Minmatar
MET-05F,Metropolis,Metropolis Constellation 2,0.7,0.65,Highsec Empire System,4,3,Minmatar
MET-06G,Metropolis,Metropolis Constellation 2,0.7,0.65,Highsec Empire System,4,3,Minmatar
MET-07H,Metropolis,Metropolis Constellation 2,0.7,0.65,Highsec Empire System,4,3,Minmatar
MET-08I,Metropolis,Metropolis Constellation 2,0.7,0.65,Highsec Empire System,4,3,Minmatar
MET-09J,Metropolis,Metropolis Constellation 3,0.7,0.65,Highsec Empire System,4,3,Minmatar
MET-10K,Metropolis,Metropolis Constellation 3,0.7,0.65,Highsec Empire System,4,3,Minmatar
MET-11L,Metropolis,Metropolis Constellation 3,0.7,0.65,Highsec Empire System,4,3,Minmatar
LON-01B,Lonetrek,Lonetrek Constellation 1,0.7,0.65,Highsec Empire System,4,3,Caldari
LON-02C,Lonetrek,Lonetrek Constellation 1,0.7,0.65,Highsec Empire System,4,3,Caldari
LON-03D,Lonetrek,Lonetrek Constellation 1,0.7,0.65,Highsec Empire System,4,3,Caldari
LON-04E,Lonetrek,Lonetrek Constellation 1,0.7,0.65,Highsec Empire System,4,3,Caldari
LON-05F,Lonetrek,Lonetrek Constellation 2,0.7,0.65,Highsec Empire System,4,3,Caldari
LON-06G,Lonetrek,Lonetrek Constellation 2,0.7,0.65,Highsec Empire System,4,3,Caldari
LON-07H,Lonetrek,Lonetrek Constellation 2,0.7,0.65,Highsec Empire System,4,3,Caldari
LON-08I,Lonetrek,Lonetrek Constellation 2,0.7,0.65,Highsec Empire System,4,3,Caldari
LON-09J,Lonetrek,Lonetrek Constellation 3,0.7,0.65,Highsec Empire System,4,3,Caldari
LON-10K,Lonetrek,Lonetrek Constellation 3,0.7,0.65,Highsec Empire System,4,3,Caldari
LON-11L,Lonetrek,Lonetrek Constellation 3,0.7,0.65,Highsec Empire System,4,3,Caldari
ESS-01B,Essence,Essence Constellation 1,0.7,0.65,Highsec Empire System,4,3,Gallente
ESS-02C,Essence,Essence Constellation 1,0.7,0.65,Highsec Empire System,4,3,Gallente
ESS-03D,Essence,Essence Constellation 1,0.7,0.65,Highsec Empire System,4,3,Gallente
ESS-04E,Essence,Essence Constellation 1,0.7,0.65,Highsec Empire System,4,3,Gallente
ESS-05F,Essence,Essence Constellation 2,0.7,0.65,Highsec Empire System,4,3,Gallente
ESS-06G,Essence,Essence Constellation 2,0.7,0.65,Highsec Empire System,4,3,Gallente
ESS-07H,Essence,Essence Constellation 2,0.7,0.65,Highsec Empire System,4,3,Gallente
ESS-08I,Essence,Essence Constellation 2,0.7,0.65,Highsec Empire System,4,3,Gallente
ESS-09J,Essence,Essence Constellation 3,0.7,0.65,Highsec Empire System,4,3,Gallente
ESS-10K,Essence,Essence Constellation 3,0.7,0.65,Highsec Empire System,4,3,Gallente
ESS-11L,Essence,Essence Constellation 3,0.7,0.65,Highsec Empire System,4,3,Gallente
EVE-01B,Everyshore,Everyshore Constellation 1,0.7,0.65,Highsec Empire System,4,3,Gallente
EVE-02C,Everyshore,Everyshore Constellation 1,0.7,0.65,Highsec Empire System,4,3,Gallente
EVE-03D,Everyshore,Everyshore Constellation 1,0.7,0.65,Highsec Empire System,4,3,Gallente
EVE-04E,Everyshore,Everyshore Constellation 1,0.7,0.65,Highsec Empire System,4,3,Gallente
EVE-05F,Everyshore,Everyshore Constellation 2,0.7,0.65,Highsec Empire System,4,3,Gallente
EVE-06G,Everyshore,Everyshore Constellation 2,0.7,0.65,Highsec Empire System,4,3,Gallente
EVE-07H,Everyshore,Everyshore Constellation 2,0.7,0.65,Highsec Empire System,4,3,Gallente
EVE-08I,Everyshore,Everyshore Constellation 2,0.7,0.65,Highsec Empire System,4,3,Gallente
EVE-09J,Everyshore,Everyshore Constellation 3,0.7,0.65,Highsec Empire System,4,3,Gallente
EVE-10K,Everyshore,Everyshore Constellation 3,0.7,0.65,Highsec Empire System,4,3,Gallente
EVE-11L,Everyshore,Everyshore Constellation 3,0.7,0.65,Highsec Empire System,4,3,Gallente
PLA-01B,Placid,Placid Constellation 1,0.4,0.35,Lowsec Sovereign System,4,1,Gallente / FW
PLA-02C,Placid,Placid Constellation 1,0.4,0.35,Lowsec Sovereign System,4,1,Gallente / FW
PLA-03D,Placid,Placid Constellation 1,0.4,0.35,Lowsec Sovereign System,4,1,Gallente / FW
PLA-04E,Placid,Placid Constellation 1,0.4,0.35,Lowsec Sovereign System,4,1,Gallente / FW
PLA-05F,Placid,Placid Constellation 2,0.4,0.35,Lowsec Sovereign System,4,1,Gallente / FW
PLA-06G,Placid,Placid Constellation 2,0.4,0.35,Lowsec Sovereign System,4,1,Gallente / FW
PLA-07H,Placid,Placid Constellation 2,0.4,0.35,Lowsec Sovereign System,4,1,Gallente / FW
PLA-08I,Placid,Placid Constellation 2,0.4,0.35,Lowsec Sovereign System,4,1,Gallente / FW
PLA-09J,Placid,Placid Constellation 3,0.4,0.35,Lowsec Sovereign System,4,1,Gallente / FW
PLA-10K,Placid,Placid Constellation 3,0.4,0.35,Lowsec Sovereign System,4,1,Gallente / FW
PLA-11L,Placid,Placid Constellation 3,0.4,0.35,Lowsec Sovereign System,4,1,Gallente / FW
BLA-01B,Black Rise,Black Rise Constellation 1,0.3,0.25,Lowsec Sovereign System,4,1,Caldari / FW
BLA-02C,Black Rise,Black Rise Constellation 1,0.3,0.25,Lowsec Sovereign System,4,1,Caldari / FW
BLA-03D,Black Rise,Black Rise Constellation 1,0.3,0.25,Lowsec Sovereign System,4,1,Caldari / FW
BLA-04E,Black Rise,Black Rise Constellation 1,0.3,0.25,Lowsec Sovereign System,4,1,Caldari / FW
BLA-05F,Black Rise,Black Rise Constellation 2,0.3,0.25,Lowsec Sovereign System,4,1,Caldari / FW
BLA-06G,Black Rise,Black Rise Constellation 2,0.3,0.25,Lowsec Sovereign System,4,1,Caldari / FW
BLA-07H,Black Rise,Black Rise Constellation 2,0.3,0.25,Lowsec Sovereign System,4,1,Caldari / FW
BLA-08I,Black Rise,Black Rise Constellation 2,0.3,0.25,Lowsec Sovereign System,4,1,Caldari / FW
BLA-09J,Black Rise,Black Rise Constellation 3,0.3,0.25,Lowsec Sovereign System,4,1,Caldari / FW
BLA-10K,Black Rise,Black Rise Constellation 3,0.3,0.25,Lowsec Sovereign System,4,1,Caldari / FW
BLA-11L,Black Rise,Black Rise Constellation 3,0.3,0.25,Lowsec Sovereign System,4,1,Caldari / FW
DEV-01B,DeVoid,DeVoid Constellation 1,0.6,0.55,Highsec Empire System,4,3,Amarr
DEV-02C,DeVoid,DeVoid Constellation 1,0.6,0.55,Highsec Empire System,4,3,Amarr
DEV-03D,DeVoid,DeVoid Constellation 1,0.6,0.55,Highsec Empire System,4,3,Amarr
DEV-04E,DeVoid,DeVoid Constellation 1,0.6,0.55,Highsec Empire System,4,3,Amarr
DEV-05F,DeVoid,DeVoid Constellation 2,0.6,0.55,Highsec Empire System,4,3,Amarr
DEV-06G,DeVoid,DeVoid Constellation 2,0.6,0.55,Highsec Empire System,4,3,Amarr
DEV-07H,DeVoid,DeVoid Constellation 2,0.6,0.55,Highsec Empire System,4,3,Amarr
DEV-08I,DeVoid,DeVoid Constellation 2,0.6,0.55,Highsec Empire System,4,3,Amarr
DEV-09J,DeVoid,DeVoid Constellation 3,0.6,0.55,Highsec Empire System,4,3,Amarr
DEV-10K,DeVoid,DeVoid Constellation 3,0.6,0.55,Highsec Empire System,4,3,Amarr
DEV-11L,DeVoid,DeVoid Constellation 3,0.6,0.55,Highsec Empire System,4,3,Amarr
DER-01B,Derelik,Derelik Constellation 1,0.6,0.55,Highsec Empire System,4,3,Amarr
DER-02C,Derelik,Derelik Constellation 1,0.6,0.55,Highsec Empire System,4,3,Amarr
DER-03D,Derelik,Derelik Constellation 1,0.6,0.55,Highsec Empire System,4,3,Amarr
DER-04E,Derelik,Derelik Constellation 1,0.6,0.55,Highsec Empire System,4,3,Amarr
DER-05F,Derelik,Derelik Constellation 2,0.6,0.55,Highsec Empire System,4,3,Amarr
DER-06G,Derelik,Derelik Constellation 2,0.6,0.55,Highsec Empire System,4,3,Amarr
DER-07H,Derelik,Derelik Constellation 2,0.6,0.55,Highsec Empire System,4,3,Amarr
DER-08I,Derelik,Derelik Constellation 2,0.6,0.55,Highsec Empire System,4,3,Amarr
DER-09J,Derelik,Derelik Constellation 3,0.6,0.55,Highsec Empire System,4,3,Amarr
DER-10K,Derelik,Derelik Constellation 3,0.6,0.55,Highsec Empire System,4,3,Amarr
DER-11L,Derelik,Derelik Constellation 3,0.6,0.55,Highsec Empire System,4,3,Amarr
KAD-01B,Kador,Kador Constellation 1,0.7,0.65,Highsec Empire System,4,3,Amarr
KAD-02C,Kador,Kador Constellation 1,0.7,0.65,Highsec Empire System,4,3,Amarr
KAD-03D,Kador,Kador Constellation 1,0.7,0.65,Highsec Empire System,4,3,Amarr
KAD-04E,Kador,Kador Constellation 1,0.7,0.65,Highsec Empire System,4,3,Amarr
KAD-05F,Kador,Kador Constellation 2,0.7,0.65,Highsec Empire System,4,3,Amarr
KAD-06G,Kador,Kador Constellation 2,0.7,0.65,Highsec Empire System,4,3,Amarr
KAD-07H,Kador,Kador Constellation 2,0.7,0.65,Highsec Empire System,4,3,Amarr
KAD-08I,Kador,Kador Constellation 2,0.7,0.65,Highsec Empire System,4,3,Amarr
KAD-09J,Kador,Kador Constellation 3,0.7,0.65,Highsec Empire System,4,3,Amarr
KAD-10K,Kador,Kador Constellation 3,0.7,0.65,Highsec Empire System,4,3,Amarr
KAD-11L,Kador,Kador Constellation 3,0.7,0.65,Highsec Empire System,4,3,Amarr
KOR-01B,Kor-Azor,Kor-Azor Constellation 1,0.7,0.65,Highsec Empire System,4,3,Amarr
KOR-02C,Kor-Azor,Kor-Azor Constellation 1,0.7,0.65,Highsec Empire System,4,3,Amarr
KOR-03D,Kor-Azor,Kor-Azor Constellation 1,0.7,0.65,Highsec Empire System,4,3,Amarr
KOR-04E,Kor-Azor,Kor-Azor Constellation 1,0.7,0.65,Highsec Empire System,4,3,Amarr
KOR-05F,Kor-Azor,Kor-Azor Constellation 2,0.7,0.65,Highsec Empire System,4,3,Amarr
KOR-06G,Kor-Azor,Kor-Azor Constellation 2,0.7,0.65,Highsec Empire System,4,3,Amarr
KOR-07H,Kor-Azor,Kor-Azor Constellation 2,0.7,0.65,Highsec Empire System,4,3,Amarr
KOR-08I,Kor-Azor,Kor-Azor Constellation 2,0.7,0.65,Highsec Empire System,4,3,Amarr
KOR-09J,Kor-Azor,Kor-Azor Constellation 3,0.7,0.65,Highsec Empire System,4,3,Amarr
KOR-10K,Kor-Azor,Kor-Azor Constellation 3,0.7,0.65,Highsec Empire System,4,3,Amarr
KOR-11L,Kor-Azor,Kor-Azor Constellation 3,0.7,0.65,Highsec Empire System,4,3,Amarr
TAS-01B,Tash-Murkon,Tash-Murkon Constellation 1,0.8,0.75,Highsec Empire System,4,3,Amarr
TAS-02C,Tash-Murkon,Tash-Murkon Constellation 1,0.8,0.75,Highsec Empire System,4,3,Amarr
TAS-03D,Tash-Murkon,Tash-Murkon Constellation 1,0.8,0.75,Highsec Empire System,4,3,Amarr
TAS-04E,Tash-Murkon,Tash-Murkon Constellation 1,0.8,0.75,Highsec Empire System,4,3,Amarr
TAS-05F,Tash-Murkon,Tash-Murkon Constellation 2,0.8,0.75,Highsec Empire System,4,3,Amarr
TAS-06G,Tash-Murkon,Tash-Murkon Constellation 2,0.8,0.75,Highsec Empire System,4,3,Amarr
TAS-07H,Tash-Murkon,Tash-Murkon Constellation 2,0.8,0.75,Highsec Empire System,4,3,Amarr
TAS-08I,Tash-Murkon,Tash-Murkon Constellation 2,0.8,0.75,Highsec Empire System,4,3,Amarr
TAS-09J,Tash-Murkon,Tash-Murkon Constellation 3,0.8,0.75,Highsec Empire System,4,3,Amarr
TAS-10K,Tash-Murkon,Tash-Murkon Constellation 3,0.8,0.75,Highsec Empire System,4,3,Amarr
TAS-11L,Tash-Murkon,Tash-Murkon Constellation 3,0.8,0.75,Highsec Empire System,4,3,Amarr
GEN-01B,Genesis,Genesis Constellation 1,0.6,0.55,Highsec Empire System,4,3,Amarr
GEN-02C,Genesis,Genesis Constellation 1,0.6,0.55,Highsec Empire System,4,3,Amarr
GEN-03D,Genesis,Genesis Constellation 1,0.6,0.55,Highsec Empire System,4,3,Amarr
GEN-04E,Genesis,Genesis Constellation 1,0.6,0.55,Highsec Empire System,4,3,Amarr
GEN-05F,Genesis,Genesis Constellation 2,0.6,0.55,Highsec Empire System,4,3,Amarr
GEN-06G,Genesis,Genesis Constellation 2,0.6,0.55,Highsec Empire System,4,3,Amarr
GEN-07H,Genesis,Genesis Constellation 2,0.6,0.55,Highsec Empire System,4,3,Amarr
GEN-08I,Genesis,Genesis Constellation 2,0.6,0.55,Highsec Empire System,4,3,Amarr
GEN-09J,Genesis,Genesis Constellation 3,0.6,0.55,Highsec Empire System,4,3,Amarr
GEN-10K,Genesis,Genesis Constellation 3,0.6,0.55,Highsec Empire System,4,3,Amarr
GEN-11L,Genesis,Genesis Constellation 3,0.6,0.55,Highsec Empire System,4,3,Amarr
SOL-01B,Solitude,Solitude Constellation 1,0.5,0.45,Highsec Empire System,4,3,Gallente
SOL-02C,Solitude,Solitude Constellation 1,0.5,0.45,Highsec Empire System,4,3,Gallente
SOL-03D,Solitude,Solitude Constellation 1,0.5,0.45,Highsec Empire System,4,3,Gallente
SOL-04E,Solitude,Solitude Constellation 1,0.5,0.45,Highsec Empire System,4,3,Gallente
SOL-05F,Solitude,Solitude Constellation 2,0.5,0.45,Highsec Empire System,4,3,Gallente
SOL-06G,Solitude,Solitude Constellation 2,0.5,0.45,Highsec Empire System,4,3,Gallente
SOL-07H,Solitude,Solitude Constellation 2,0.5,0.45,Highsec Empire System,4,3,Gallente
SOL-08I,Solitude,Solitude Constellation 2,0.5,0.45,Highsec Empire System,4,3,Gallente
SOL-09J,Solitude,Solitude Constellation 3,0.5,0.45,Highsec Empire System,4,3,Gallente
SOL-10K,Solitude,Solitude Constellation 3,0.5,0.45,Highsec Empire System,4,3,Gallente
SOL-11L,Solitude,Solitude Constellation 3,0.5,0.45,Highsec Empire System,4,3,Gallente
ARI-01B,Aridia,Aridia Constellation 1,0.4,0.35,Lowsec Sovereign System,4,1,Lowsec
ARI-02C,Aridia,Aridia Constellation 1,0.4,0.35,Lowsec Sovereign System,4,1,Lowsec
ARI-03D,Aridia,Aridia Constellation 1,0.4,0.35,Lowsec Sovereign System,4,1,Lowsec
ARI-04E,Aridia,Aridia Constellation 1,0.4,0.35,Lowsec Sovereign System,4,1,Lowsec
ARI-05F,Aridia,Aridia Constellation 2,0.4,0.35,Lowsec Sovereign System,4,1,Lowsec
ARI-06G,Aridia,Aridia Constellation 2,0.4,0.35,Lowsec Sovereign System,4,1,Lowsec
ARI-07H,Aridia,Aridia Constellation 2,0.4,0.35,Lowsec Sovereign System,4,1,Lowsec
ARI-08I,Aridia,Aridia Constellation 2,0.4,0.35,Lowsec Sovereign System,4,1,Lowsec
ARI-09J,Aridia,Aridia Constellation 3,0.4,0.35,Lowsec Sovereign System,4,1,Lowsec
ARI-10K,Aridia,Aridia Constellation 3,0.4,0.35,Lowsec Sovereign System,4,1,Lowsec
ARI-11L,Aridia,Aridia Constellation 3,0.4,0.35,Lowsec Sovereign System,4,1,Lowsec
SYN-01B,Syndicate,Syndicate Constellation 1,-0.2,-0.25,Nullsec Sovereign Strategic System,2,1,NPC Nullsec (Intaki)
SYN-02C,Syndicate,Syndicate Constellation 1,-0.2,-0.25,Nullsec Sovereign Strategic System,2,1,NPC Nullsec (Intaki)
SYN-03D,Syndicate,Syndicate Constellation 1,-0.2,-0.25,Nullsec Sovereign Strategic System,2,1,NPC Nullsec (Intaki)
SYN-04E,Syndicate,Syndicate Constellation 1,-0.2,-0.25,Nullsec Sovereign Strategic System,2,1,NPC Nullsec (Intaki)
SYN-05F,Syndicate,Syndicate Constellation 2,-0.2,-0.25,Nullsec Sovereign Strategic System,2,1,NPC Nullsec (Intaki)
SYN-06G,Syndicate,Syndicate Constellation 2,-0.2,-0.25,Nullsec Sovereign Strategic System,2,1,NPC Nullsec (Intaki)
SYN-07H,Syndicate,Syndicate Constellation 2,-0.2,-0.25,Nullsec Sovereign Strategic System,2,1,NPC Nullsec (Intaki)
SYN-08I,Syndicate,Syndicate Constellation 2,-0.2,-0.25,Nullsec Sovereign Strategic System,2,1,NPC Nullsec (Intaki)
SYN-09J,Syndicate,Syndicate Constellation 3,-0.2,-0.25,Nullsec Sovereign Strategic System,2,1,NPC Nullsec (Intaki)
SYN-10K,Syndicate,Syndicate Constellation 3,-0.2,-0.25,Nullsec Sovereign Strategic System,2,1,NPC Nullsec (Intaki)
SYN-11L,Syndicate,Syndicate Constellation 3,-0.2,-0.25,Nullsec Sovereign Strategic System,2,1,NPC Nullsec (Intaki)
OUT-01B,Outer Ring,Outer Ring Constellation 1,-0.3,-0.35,Nullsec Sovereign Strategic System,2,1,NPC Nullsec (ORE)
OUT-02C,Outer Ring,Outer Ring Constellation 1,-0.3,-0.35,Nullsec Sovereign Strategic System,2,1,NPC Nullsec (ORE)
OUT-03D,Outer Ring,Outer Ring Constellation 1,-0.3,-0.35,Nullsec Sovereign Strategic System,2,1,NPC Nullsec (ORE)
OUT-04E,Outer Ring,Outer Ring Constellation 1,-0.3,-0.35,Nullsec Sovereign Strategic System,2,1,NPC Nullsec (ORE)
OUT-05F,Outer Ring,Outer Ring Constellation 2,-0.3,-0.35,Nullsec Sovereign Strategic System,2,1,NPC Nullsec (ORE)
OUT-06G,Outer Ring,Outer Ring Constellation 2,-0.3,-0.35,Nullsec Sovereign Strategic System,2,1,NPC Nullsec (ORE)
OUT-07H,Outer Ring,Outer Ring Constellation 2,-0.3,-0.35,Nullsec Sovereign Strategic System,2,1,NPC Nullsec (ORE)
OUT-08I,Outer Ring,Outer Ring Constellation 2,-0.3,-0.35,Nullsec Sovereign Strategic System,2,1,NPC Nullsec (ORE)
OUT-09J,Outer Ring,Outer Ring Constellation 3,-0.3,-0.35,Nullsec Sovereign Strategic System,2,1,NPC Nullsec (ORE)
OUT-10K,Outer Ring,Outer Ring Constellation 3,-0.3,-0.35,Nullsec Sovereign Strategic System,2,1,NPC Nullsec (ORE)
OUT-11L,Outer Ring,Outer Ring Constellation 3,-0.3,-0.35,Nullsec Sovereign Strategic System,2,1,NPC Nullsec (ORE)
CLO-01B,Cloud Ring,Cloud Ring Constellation 1,-0.4,-0.45,Nullsec Sovereign Strategic System,2,1,Nullsec
CLO-02C,Cloud Ring,Cloud Ring Constellation 1,-0.4,-0.45,Nullsec Sovereign Strategic System,2,1,Nullsec
CLO-03D,Cloud Ring,Cloud Ring Constellation 1,-0.4,-0.45,Nullsec Sovereign Strategic System,2,1,Nullsec
CLO-04E,Cloud Ring,Cloud Ring Constellation 1,-0.4,-0.45,Nullsec Sovereign Strategic System,2,1,Nullsec
CLO-05F,Cloud Ring,Cloud Ring Constellation 2,-0.4,-0.45,Nullsec Sovereign Strategic System,2,1,Nullsec
CLO-06G,Cloud Ring,Cloud Ring Constellation 2,-0.4,-0.45,Nullsec Sovereign Strategic System,2,1,Nullsec
CLO-07H,Cloud Ring,Cloud Ring Constellation 2,-0.4,-0.45,Nullsec Sovereign Strategic System,2,1,Nullsec
CLO-08I,Cloud Ring,Cloud Ring Constellation 2,-0.4,-0.45,Nullsec Sovereign Strategic System,2,1,Nullsec
CLO-09J,Cloud Ring,Cloud Ring Constellation 3,-0.4,-0.45,Nullsec Sovereign Strategic System,2,1,Nullsec
CLO-10K,Cloud Ring,Cloud Ring Constellation 3,-0.4,-0.45,Nullsec Sovereign Strategic System,2,1,Nullsec
CLO-11L,Cloud Ring,Cloud Ring Constellation 3,-0.4,-0.45,Nullsec Sovereign Strategic System,2,1,Nullsec
FOU-01B,Fountain,Fountain Constellation 1,-0.6,-0.65,Nullsec Sovereign Strategic System,2,1,Nullsec (Angel/Sovereign)
FOU-02C,Fountain,Fountain Constellation 1,-0.6,-0.65,Nullsec Sovereign Strategic System,2,1,Nullsec (Angel/Sovereign)
FOU-03D,Fountain,Fountain Constellation 1,-0.6,-0.65,Nullsec Sovereign Strategic System,2,1,Nullsec (Angel/Sovereign)
FOU-04E,Fountain,Fountain Constellation 1,-0.6,-0.65,Nullsec Sovereign Strategic System,2,1,Nullsec (Angel/Sovereign)
FOU-05F,Fountain,Fountain Constellation 2,-0.6,-0.65,Nullsec Sovereign Strategic System,2,1,Nullsec (Angel/Sovereign)
FOU-06G,Fountain,Fountain Constellation 2,-0.6,-0.65,Nullsec Sovereign Strategic System,2,1,Nullsec (Angel/Sovereign)
FOU-07H,Fountain,Fountain Constellation 2,-0.6,-0.65,Nullsec Sovereign Strategic System,2,1,Nullsec (Angel/Sovereign)
FOU-08I,Fountain,Fountain Constellation 2,-0.6,-0.65,Nullsec Sovereign Strategic System,2,1,Nullsec (Angel/Sovereign)
FOU-09J,Fountain,Fountain Constellation 3,-0.6,-0.65,Nullsec Sovereign Strategic System,2,1,Nullsec (Angel/Sovereign)
FOU-10K,Fountain,Fountain Constellation 3,-0.6,-0.65,Nullsec Sovereign Strategic System,2,1,Nullsec (Angel/Sovereign)
FOU-11L,Fountain,Fountain Constellation 3,-0.6,-0.65,Nullsec Sovereign Strategic System,2,1,Nullsec (Angel/Sovereign)
DEL-01B,Delve,Delve Constellation 1,-0.8,-0.85,Nullsec Sovereign Strategic System,2,1,Nullsec (Blood Raiders/Imperium)
DEL-02C,Delve,Delve Constellation 1,-0.8,-0.85,Nullsec Sovereign Strategic System,2,1,Nullsec (Blood Raiders/Imperium)
DEL-03D,Delve,Delve Constellation 1,-0.8,-0.85,Nullsec Sovereign Strategic System,2,1,Nullsec (Blood Raiders/Imperium)
DEL-04E,Delve,Delve Constellation 1,-0.8,-0.85,Nullsec Sovereign Strategic System,2,1,Nullsec (Blood Raiders/Imperium)
DEL-05F,Delve,Delve Constellation 2,-0.8,-0.85,Nullsec Sovereign Strategic System,2,1,Nullsec (Blood Raiders/Imperium)
DEL-06G,Delve,Delve Constellation 2,-0.8,-0.85,Nullsec Sovereign Strategic System,2,1,Nullsec (Blood Raiders/Imperium)
DEL-07H,Delve,Delve Constellation 2,-0.8,-0.85,Nullsec Sovereign Strategic System,2,1,Nullsec (Blood Raiders/Imperium)
DEL-08I,Delve,Delve Constellation 2,-0.8,-0.85,Nullsec Sovereign Strategic System,2,1,Nullsec (Blood Raiders/Imperium)
DEL-09J,Delve,Delve Constellation 3,-0.8,-0.85,Nullsec Sovereign Strategic System,2,1,Nullsec (Blood Raiders/Imperium)
DEL-10K,Delve,Delve Constellation 3,-0.8,-0.85,Nullsec Sovereign Strategic System,2,1,Nullsec (Blood Raiders/Imperium)
DEL-11L,Delve,Delve Constellation 3,-0.8,-0.85,Nullsec Sovereign Strategic System,2,1,Nullsec (Blood Raiders/Imperium)
QUE-01B,Querious,Querious Constellation 1,-0.7,-0.75,Nullsec Sovereign Strategic System,2,1,Nullsec
QUE-02C,Querious,Querious Constellation 1,-0.7,-0.75,Nullsec Sovereign Strategic System,2,1,Nullsec
QUE-03D,Querious,Querious Constellation 1,-0.7,-0.75,Nullsec Sovereign Strategic System,2,1,Nullsec
QUE-04E,Querious,Querious Constellation 1,-0.7,-0.75,Nullsec Sovereign Strategic System,2,1,Nullsec
QUE-05F,Querious,Querious Constellation 2,-0.7,-0.75,Nullsec Sovereign Strategic System,2,1,Nullsec
QUE-06G,Querious,Querious Constellation 2,-0.7,-0.75,Nullsec Sovereign Strategic System,2,1,Nullsec
QUE-07H,Querious,Querious Constellation 2,-0.7,-0.75,Nullsec Sovereign Strategic System,2,1,Nullsec
QUE-08I,Querious,Querious Constellation 2,-0.7,-0.75,Nullsec Sovereign Strategic System,2,1,Nullsec
QUE-09J,Querious,Querious Constellation 3,-0.7,-0.75,Nullsec Sovereign Strategic System,2,1,Nullsec
QUE-10K,Querious,Querious Constellation 3,-0.7,-0.75,Nullsec Sovereign Strategic System,2,1,Nullsec
QUE-11L,Querious,Querious Constellation 3,-0.7,-0.75,Nullsec Sovereign Strategic System,2,1,Nullsec
PER-01B,Period Basis,Period Basis Constellation 1,-0.8,-0.85,Nullsec Sovereign Strategic System,2,1,Nullsec
PER-02C,Period Basis,Period Basis Constellation 1,-0.8,-0.85,Nullsec Sovereign Strategic System,2,1,Nullsec
PER-03D,Period Basis,Period Basis Constellation 1,-0.8,-0.85,Nullsec Sovereign Strategic System,2,1,Nullsec
PER-04E,Period Basis,Period Basis Constellation 1,-0.8,-0.85,Nullsec Sovereign Strategic System,2,1,Nullsec
PER-05F,Period Basis,Period Basis Constellation 2,-0.8,-0.85,Nullsec Sovereign Strategic System,2,1,Nullsec
PER-06G,Period Basis,Period Basis Constellation 2,-0.8,-0.85,Nullsec Sovereign Strategic System,2,1,Nullsec
PER-07H,Period Basis,Period Basis Constellation 2,-0.8,-0.85,Nullsec Sovereign Strategic System,2,1,Nullsec
PER-08I,Period Basis,Period Basis Constellation 2,-0.8,-0.85,Nullsec Sovereign Strategic System,2,1,Nullsec
PER-09J,Period Basis,Period Basis Constellation 3,-0.8,-0.85,Nullsec Sovereign Strategic System,2,1,Nullsec
PER-10K,Period Basis,Period Basis Constellation 3,-0.8,-0.85,Nullsec Sovereign Strategic System,2,1,Nullsec
PER-11L,Period Basis,Period Basis Constellation 3,-0.8,-0.85,Nullsec Sovereign Strategic System,2,1,Nullsec
PAR-01B,Paragon Soul,Paragon Soul Constellation 1,-0.8,-0.85,Nullsec Sovereign Strategic System,2,1,Nullsec
PAR-02C,Paragon Soul,Paragon Soul Constellation 1,-0.8,-0.85,Nullsec Sovereign Strategic System,2,1,Nullsec
PAR-03D,Paragon Soul,Paragon Soul Constellation 1,-0.8,-0.85,Nullsec Sovereign Strategic System,2,1,Nullsec
PAR-04E,Paragon Soul,Paragon Soul Constellation 1,-0.8,-0.85,Nullsec Sovereign Strategic System,2,1,Nullsec
PAR-05F,Paragon Soul,Paragon Soul Constellation 2,-0.8,-0.85,Nullsec Sovereign Strategic System,2,1,Nullsec
PAR-06G,Paragon Soul,Paragon Soul Constellation 2,-0.8,-0.85,Nullsec Sovereign Strategic System,2,1,Nullsec
PAR-07H,Paragon Soul,Paragon Soul Constellation 2,-0.8,-0.85,Nullsec Sovereign Strategic System,2,1,Nullsec
PAR-08I,Paragon Soul,Paragon Soul Constellation 2,-0.8,-0.85,Nullsec Sovereign Strategic System,2,1,Nullsec
PAR-09J,Paragon Soul,Paragon Soul Constellation 3,-0.8,-0.85,Nullsec Sovereign Strategic System,2,1,Nullsec
PAR-10K,Paragon Soul,Paragon Soul Constellation 3,-0.8,-0.85,Nullsec Sovereign Strategic System,2,1,Nullsec
PAR-11L,Paragon Soul,Paragon Soul Constellation 3,-0.8,-0.85,Nullsec Sovereign Strategic System,2,1,Nullsec
ESO-01B,Esoteria,Esoteria Constellation 1,-0.8,-0.85,Nullsec Sovereign Strategic System,2,1,Nullsec
ESO-02C,Esoteria,Esoteria Constellation 1,-0.8,-0.85,Nullsec Sovereign Strategic System,2,1,Nullsec
ESO-03D,Esoteria,Esoteria Constellation 1,-0.8,-0.85,Nullsec Sovereign Strategic System,2,1,Nullsec
ESO-04E,Esoteria,Esoteria Constellation 1,-0.8,-0.85,Nullsec Sovereign Strategic System,2,1,Nullsec
ESO-05F,Esoteria,Esoteria Constellation 2,-0.8,-0.85,Nullsec Sovereign Strategic System,2,1,Nullsec
ESO-06G,Esoteria,Esoteria Constellation 2,-0.8,-0.85,Nullsec Sovereign Strategic System,2,1,Nullsec
ESO-07H,Esoteria,Esoteria Constellation 2,-0.8,-0.85,Nullsec Sovereign Strategic System,2,1,Nullsec
ESO-08I,Esoteria,Esoteria Constellation 2,-0.8,-0.85,Nullsec Sovereign Strategic System,2,1,Nullsec
ESO-09J,Esoteria,Esoteria Constellation 3,-0.8,-0.85,Nullsec Sovereign Strategic System,2,1,Nullsec
ESO-10K,Esoteria,Esoteria Constellation 3,-0.8,-0.85,Nullsec Sovereign Strategic System,2,1,Nullsec
ESO-11L,Esoteria,Esoteria Constellation 3,-0.8,-0.85,Nullsec Sovereign Strategic System,2,1,Nullsec
FEY-01B,Feythabolis,Feythabolis Constellation 1,-0.8,-0.85,Nullsec Sovereign Strategic System,2,1,Nullsec
FEY-02C,Feythabolis,Feythabolis Constellation 1,-0.8,-0.85,Nullsec Sovereign Strategic System,2,1,Nullsec
FEY-03D,Feythabolis,Feythabolis Constellation 1,-0.8,-0.85,Nullsec Sovereign Strategic System,2,1,Nullsec
FEY-04E,Feythabolis,Feythabolis Constellation 1,-0.8,-0.85,Nullsec Sovereign Strategic System,2,1,Nullsec
FEY-05F,Feythabolis,Feythabolis Constellation 2,-0.8,-0.85,Nullsec Sovereign Strategic System,2,1,Nullsec
FEY-06G,Feythabolis,Feythabolis Constellation 2,-0.8,-0.85,Nullsec Sovereign Strategic System,2,1,Nullsec
FEY-07H,Feythabolis,Feythabolis Constellation 2,-0.8,-0.85,Nullsec Sovereign Strategic System,2,1,Nullsec
FEY-08I,Feythabolis,Feythabolis Constellation 2,-0.8,-0.85,Nullsec Sovereign Strategic System,2,1,Nullsec
FEY-09J,Feythabolis,Feythabolis Constellation 3,-0.8,-0.85,Nullsec Sovereign Strategic System,2,1,Nullsec
FEY-10K,Feythabolis,Feythabolis Constellation 3,-0.8,-0.85,Nullsec Sovereign Strategic System,2,1,Nullsec
FEY-11L,Feythabolis,Feythabolis Constellation 3,-0.8,-0.85,Nullsec Sovereign Strategic System,2,1,Nullsec
IMP-01B,Impass,Impass Constellation 1,-0.7,-0.75,Nullsec Sovereign Strategic System,2,1,Nullsec
IMP-02C,Impass,Impass Constellation 1,-0.7,-0.75,Nullsec Sovereign Strategic System,2,1,Nullsec
IMP-03D,Impass,Impass Constellation 1,-0.7,-0.75,Nullsec Sovereign Strategic System,2,1,Nullsec
IMP-04E,Impass,Impass Constellation 1,-0.7,-0.75,Nullsec Sovereign Strategic System,2,1,Nullsec
IMP-05F,Impass,Impass Constellation 2,-0.7,-0.75,Nullsec Sovereign Strategic System,2,1,Nullsec
IMP-06G,Impass,Impass Constellation 2,-0.7,-0.75,Nullsec Sovereign Strategic System,2,1,Nullsec
IMP-07H,Impass,Impass Constellation 2,-0.7,-0.75,Nullsec Sovereign Strategic System,2,1,Nullsec
IMP-08I,Impass,Impass Constellation 2,-0.7,-0.75,Nullsec Sovereign Strategic System,2,1,Nullsec
IMP-09J,Impass,Impass Constellation 3,-0.7,-0.75,Nullsec Sovereign Strategic System,2,1,Nullsec
IMP-10K,Impass,Impass Constellation 3,-0.7,-0.75,Nullsec Sovereign Strategic System,2,1,Nullsec
IMP-11L,Impass,Impass Constellation 3,-0.7,-0.75,Nullsec Sovereign Strategic System,2,1,Nullsec
CAT-01B,Catch,Catch Constellation 1,-0.5,-0.55,Nullsec Sovereign Strategic System,2,1,Nullsec
CAT-02C,Catch,Catch Constellation 1,-0.5,-0.55,Nullsec Sovereign Strategic System,2,1,Nullsec
CAT-03D,Catch,Catch Constellation 1,-0.5,-0.55,Nullsec Sovereign Strategic System,2,1,Nullsec
CAT-04E,Catch,Catch Constellation 1,-0.5,-0.55,Nullsec Sovereign Strategic System,2,1,Nullsec
CAT-05F,Catch,Catch Constellation 2,-0.5,-0.55,Nullsec Sovereign Strategic System,2,1,Nullsec
CAT-06G,Catch,Catch Constellation 2,-0.5,-0.55,Nullsec Sovereign Strategic System,2,1,Nullsec
CAT-07H,Catch,Catch Constellation 2,-0.5,-0.55,Nullsec Sovereign Strategic System,2,1,Nullsec
CAT-08I,Catch,Catch Constellation 2,-0.5,-0.55,Nullsec Sovereign Strategic System,2,1,Nullsec
CAT-09J,Catch,Catch Constellation 3,-0.5,-0.55,Nullsec Sovereign Strategic System,2,1,Nullsec
CAT-10K,Catch,Catch Constellation 3,-0.5,-0.55,Nullsec Sovereign Strategic System,2,1,Nullsec
CAT-11L,Catch,Catch Constellation 3,-0.5,-0.55,Nullsec Sovereign Strategic System,2,1,Nullsec
IMM-01B,Immensea,Immensea Constellation 1,-0.6,-0.65,Nullsec Sovereign Strategic System,2,1,Nullsec
IMM-02C,Immensea,Immensea Constellation 1,-0.6,-0.65,Nullsec Sovereign Strategic System,2,1,Nullsec
IMM-03D,Immensea,Immensea Constellation 1,-0.6,-0.65,Nullsec Sovereign Strategic System,2,1,Nullsec
IMM-04E,Immensea,Immensea Constellation 1,-0.6,-0.65,Nullsec Sovereign Strategic System,2,1,Nullsec
IMM-05F,Immensea,Immensea Constellation 2,-0.6,-0.65,Nullsec Sovereign Strategic System,2,1,Nullsec
IMM-06G,Immensea,Immensea Constellation 2,-0.6,-0.65,Nullsec Sovereign Strategic System,2,1,Nullsec
IMM-07H,Immensea,Immensea Constellation 2,-0.6,-0.65,Nullsec Sovereign Strategic System,2,1,Nullsec
IMM-08I,Immensea,Immensea Constellation 2,-0.6,-0.65,Nullsec Sovereign Strategic System,2,1,Nullsec
IMM-09J,Immensea,Immensea Constellation 3,-0.6,-0.65,Nullsec Sovereign Strategic System,2,1,Nullsec
IMM-10K,Immensea,Immensea Constellation 3,-0.6,-0.65,Nullsec Sovereign Strategic System,2,1,Nullsec
IMM-11L,Immensea,Immensea Constellation 3,-0.6,-0.65,Nullsec Sovereign Strategic System,2,1,Nullsec
TEN-01B,Tenerifis,Tenerifis Constellation 1,-0.7,-0.75,Nullsec Sovereign Strategic System,2,1,Nullsec
TEN-02C,Tenerifis,Tenerifis Constellation 1,-0.7,-0.75,Nullsec Sovereign Strategic System,2,1,Nullsec
TEN-03D,Tenerifis,Tenerifis Constellation 1,-0.7,-0.75,Nullsec Sovereign Strategic System,2,1,Nullsec
TEN-04E,Tenerifis,Tenerifis Constellation 1,-0.7,-0.75,Nullsec Sovereign Strategic System,2,1,Nullsec
TEN-05F,Tenerifis,Tenerifis Constellation 2,-0.7,-0.75,Nullsec Sovereign Strategic System,2,1,Nullsec
TEN-06G,Tenerifis,Tenerifis Constellation 2,-0.7,-0.75,Nullsec Sovereign Strategic System,2,1,Nullsec
TEN-07H,Tenerifis,Tenerifis Constellation 2,-0.7,-0.75,Nullsec Sovereign Strategic System,2,1,Nullsec
TEN-08I,Tenerifis,Tenerifis Constellation 2,-0.7,-0.75,Nullsec Sovereign Strategic System,2,1,Nullsec
TEN-09J,Tenerifis,Tenerifis Constellation 3,-0.7,-0.75,Nullsec Sovereign Strategic System,2,1,Nullsec
TEN-10K,Tenerifis,Tenerifis Constellation 3,-0.7,-0.75,Nullsec Sovereign Strategic System,2,1,Nullsec
TEN-11L,Tenerifis,Tenerifis Constellation 3,-0.7,-0.75,Nullsec Sovereign Strategic System,2,1,Nullsec
DET-01B,Detorid,Detorid Constellation 1,-0.8,-0.85,Nullsec Sovereign Strategic System,2,1,Nullsec
DET-02C,Detorid,Detorid Constellation 1,-0.8,-0.85,Nullsec Sovereign Strategic System,2,1,Nullsec
DET-03D,Detorid,Detorid Constellation 1,-0.8,-0.85,Nullsec Sovereign Strategic System,2,1,Nullsec
DET-04E,Detorid,Detorid Constellation 1,-0.8,-0.85,Nullsec Sovereign Strategic System,2,1,Nullsec
DET-05F,Detorid,Detorid Constellation 2,-0.8,-0.85,Nullsec Sovereign Strategic System,2,1,Nullsec
DET-06G,Detorid,Detorid Constellation 2,-0.8,-0.85,Nullsec Sovereign Strategic System,2,1,Nullsec
DET-07H,Detorid,Detorid Constellation 2,-0.8,-0.85,Nullsec Sovereign Strategic System,2,1,Nullsec
DET-08I,Detorid,Detorid Constellation 2,-0.8,-0.85,Nullsec Sovereign Strategic System,2,1,Nullsec
DET-09J,Detorid,Detorid Constellation 3,-0.8,-0.85,Nullsec Sovereign Strategic System,2,1,Nullsec
DET-10K,Detorid,Detorid Constellation 3,-0.8,-0.85,Nullsec Sovereign Strategic System,2,1,Nullsec
DET-11L,Detorid,Detorid Constellation 3,-0.8,-0.85,Nullsec Sovereign Strategic System,2,1,Nullsec
WIC-01B,Wicked Creek,Wicked Creek Constellation 1,-0.7,-0.75,Nullsec Sovereign Strategic System,2,1,Nullsec
WIC-02C,Wicked Creek,Wicked Creek Constellation 1,-0.7,-0.75,Nullsec Sovereign Strategic System,2,1,Nullsec
WIC-03D,Wicked Creek,Wicked Creek Constellation 1,-0.7,-0.75,Nullsec Sovereign Strategic System,2,1,Nullsec
WIC-04E,Wicked Creek,Wicked Creek Constellation 1,-0.7,-0.75,Nullsec Sovereign Strategic System,2,1,Nullsec
WIC-05F,Wicked Creek,Wicked Creek Constellation 2,-0.7,-0.75,Nullsec Sovereign Strategic System,2,1,Nullsec
WIC-06G,Wicked Creek,Wicked Creek Constellation 2,-0.7,-0.75,Nullsec Sovereign Strategic System,2,1,Nullsec
WIC-07H,Wicked Creek,Wicked Creek Constellation 2,-0.7,-0.75,Nullsec Sovereign Strategic System,2,1,Nullsec
WIC-08I,Wicked Creek,Wicked Creek Constellation 2,-0.7,-0.75,Nullsec Sovereign Strategic System,2,1,Nullsec
WIC-09J,Wicked Creek,Wicked Creek Constellation 3,-0.7,-0.75,Nullsec Sovereign Strategic System,2,1,Nullsec
WIC-10K,Wicked Creek,Wicked Creek Constellation 3,-0.7,-0.75,Nullsec Sovereign Strategic System,2,1,Nullsec
WIC-11L,Wicked Creek,Wicked Creek Constellation 3,-0.7,-0.75,Nullsec Sovereign Strategic System,2,1,Nullsec
INS-01B,Insmother,Insmother Constellation 1,-0.8,-0.85,Nullsec Sovereign Strategic System,2,1,Nullsec
INS-02C,Insmother,Insmother Constellation 1,-0.8,-0.85,Nullsec Sovereign Strategic System,2,1,Nullsec
INS-03D,Insmother,Insmother Constellation 1,-0.8,-0.85,Nullsec Sovereign Strategic System,2,1,Nullsec
INS-04E,Insmother,Insmother Constellation 1,-0.8,-0.85,Nullsec Sovereign Strategic System,2,1,Nullsec
INS-05F,Insmother,Insmother Constellation 2,-0.8,-0.85,Nullsec Sovereign Strategic System,2,1,Nullsec
INS-06G,Insmother,Insmother Constellation 2,-0.8,-0.85,Nullsec Sovereign Strategic System,2,1,Nullsec
INS-07H,Insmother,Insmother Constellation 2,-0.8,-0.85,Nullsec Sovereign Strategic System,2,1,Nullsec
INS-08I,Insmother,Insmother Constellation 2,-0.8,-0.85,Nullsec Sovereign Strategic System,2,1,Nullsec
INS-09J,Insmother,Insmother Constellation 3,-0.8,-0.85,Nullsec Sovereign Strategic System,2,1,Nullsec
INS-10K,Insmother,Insmother Constellation 3,-0.8,-0.85,Nullsec Sovereign Strategic System,2,1,Nullsec
INS-11L,Insmother,Insmother Constellation 3,-0.8,-0.85,Nullsec Sovereign Strategic System,2,1,Nullsec
SCA-01B,Scalding Pass,Scalding Pass Constellation 1,-0.6,-0.65,Nullsec Sovereign Strategic System,2,1,Nullsec
SCA-02C,Scalding Pass,Scalding Pass Constellation 1,-0.6,-0.65,Nullsec Sovereign Strategic System,2,1,Nullsec
SCA-03D,Scalding Pass,Scalding Pass Constellation 1,-0.6,-0.65,Nullsec Sovereign Strategic System,2,1,Nullsec
SCA-04E,Scalding Pass,Scalding Pass Constellation 1,-0.6,-0.65,Nullsec Sovereign Strategic System,2,1,Nullsec
SCA-05F,Scalding Pass,Scalding Pass Constellation 2,-0.6,-0.65,Nullsec Sovereign Strategic System,2,1,Nullsec
SCA-06G,Scalding Pass,Scalding Pass Constellation 2,-0.6,-0.65,Nullsec Sovereign Strategic System,2,1,Nullsec
SCA-07H,Scalding Pass,Scalding Pass Constellation 2,-0.6,-0.65,Nullsec Sovereign Strategic System,2,1,Nullsec
SCA-08I,Scalding Pass,Scalding Pass Constellation 2,-0.6,-0.65,Nullsec Sovereign Strategic System,2,1,Nullsec
SCA-09J,Scalding Pass,Scalding Pass Constellation 3,-0.6,-0.65,Nullsec Sovereign Strategic System,2,1,Nullsec
SCA-10K,Scalding Pass,Scalding Pass Constellation 3,-0.6,-0.65,Nullsec Sovereign Strategic System,2,1,Nullsec
SCA-11L,Scalding Pass,Scalding Pass Constellation 3,-0.6,-0.65,Nullsec Sovereign Strategic System,2,1,Nullsec
CUR-01B,Curse,Curse Constellation 1,-0.4,-0.45,Nullsec Sovereign Strategic System,2,1,NPC Nullsec (Angel Cartel)
CUR-02C,Curse,Curse Constellation 1,-0.4,-0.45,Nullsec Sovereign Strategic System,2,1,NPC Nullsec (Angel Cartel)
CUR-03D,Curse,Curse Constellation 1,-0.4,-0.45,Nullsec Sovereign Strategic System,2,1,NPC Nullsec (Angel Cartel)
CUR-04E,Curse,Curse Constellation 1,-0.4,-0.45,Nullsec Sovereign Strategic System,2,1,NPC Nullsec (Angel Cartel)
CUR-05F,Curse,Curse Constellation 2,-0.4,-0.45,Nullsec Sovereign Strategic System,2,1,NPC Nullsec (Angel Cartel)
CUR-06G,Curse,Curse Constellation 2,-0.4,-0.45,Nullsec Sovereign Strategic System,2,1,NPC Nullsec (Angel Cartel)
CUR-07H,Curse,Curse Constellation 2,-0.4,-0.45,Nullsec Sovereign Strategic System,2,1,NPC Nullsec (Angel Cartel)
CUR-08I,Curse,Curse Constellation 2,-0.4,-0.45,Nullsec Sovereign Strategic System,2,1,NPC Nullsec (Angel Cartel)
CUR-09J,Curse,Curse Constellation 3,-0.4,-0.45,Nullsec Sovereign Strategic System,2,1,NPC Nullsec (Angel Cartel)
CUR-10K,Curse,Curse Constellation 3,-0.4,-0.45,Nullsec Sovereign Strategic System,2,1,NPC Nullsec (Angel Cartel)
CUR-11L,Curse,Curse Constellation 3,-0.4,-0.45,Nullsec Sovereign Strategic System,2,1,NPC Nullsec (Angel Cartel)
GRE-01B,Great Wildlands,Great Wildlands Constellation 1,-0.3,-0.35,Nullsec Sovereign Strategic System,2,1,NPC Nullsec (Thukker)
GRE-02C,Great Wildlands,Great Wildlands Constellation 1,-0.3,-0.35,Nullsec Sovereign Strategic System,2,1,NPC Nullsec (Thukker)
GRE-03D,Great Wildlands,Great Wildlands Constellation 1,-0.3,-0.35,Nullsec Sovereign Strategic System,2,1,NPC Nullsec (Thukker)
GRE-04E,Great Wildlands,Great Wildlands Constellation 1,-0.3,-0.35,Nullsec Sovereign Strategic System,2,1,NPC Nullsec (Thukker)
GRE-05F,Great Wildlands,Great Wildlands Constellation 2,-0.3,-0.35,Nullsec Sovereign Strategic System,2,1,NPC Nullsec (Thukker)
GRE-06G,Great Wildlands,Great Wildlands Constellation 2,-0.3,-0.35,Nullsec Sovereign Strategic System,2,1,NPC Nullsec (Thukker)
GRE-07H,Great Wildlands,Great Wildlands Constellation 2,-0.3,-0.35,Nullsec Sovereign Strategic System,2,1,NPC Nullsec (Thukker)
GRE-08I,Great Wildlands,Great Wildlands Constellation 2,-0.3,-0.35,Nullsec Sovereign Strategic System,2,1,NPC Nullsec (Thukker)
GRE-09J,Great Wildlands,Great Wildlands Constellation 3,-0.3,-0.35,Nullsec Sovereign Strategic System,2,1,NPC Nullsec (Thukker)
GRE-10K,Great Wildlands,Great Wildlands Constellation 3,-0.3,-0.35,Nullsec Sovereign Strategic System,2,1,NPC Nullsec (Thukker)
GRE-11L,Great Wildlands,Great Wildlands Constellation 3,-0.3,-0.35,Nullsec Sovereign Strategic System,2,1,NPC Nullsec (Thukker)
CAC-01B,Cache,Cache Constellation 1,-0.7,-0.75,Nullsec Sovereign Strategic System,2,1,Nullsec
CAC-02C,Cache,Cache Constellation 1,-0.7,-0.75,Nullsec Sovereign Strategic System,2,1,Nullsec
CAC-03D,Cache,Cache Constellation 1,-0.7,-0.75,Nullsec Sovereign Strategic System,2,1,Nullsec
CAC-04E,Cache,Cache Constellation 1,-0.7,-0.75,Nullsec Sovereign Strategic System,2,1,Nullsec
CAC-05F,Cache,Cache Constellation 2,-0.7,-0.75,Nullsec Sovereign Strategic System,2,1,Nullsec
CAC-06G,Cache,Cache Constellation 2,-0.7,-0.75,Nullsec Sovereign Strategic System,2,1,Nullsec
CAC-07H,Cache,Cache Constellation 2,-0.7,-0.75,Nullsec Sovereign Strategic System,2,1,Nullsec
CAC-08I,Cache,Cache Constellation 2,-0.7,-0.75,Nullsec Sovereign Strategic System,2,1,Nullsec
CAC-09J,Cache,Cache Constellation 3,-0.7,-0.75,Nullsec Sovereign Strategic System,2,1,Nullsec
CAC-10K,Cache,Cache Constellation 3,-0.7,-0.75,Nullsec Sovereign Strategic System,2,1,Nullsec
CAC-11L,Cache,Cache Constellation 3,-0.7,-0.75,Nullsec Sovereign Strategic System,2,1,Nullsec
ETH-01B,Etherium Reach,Etherium Reach Constellation 1,-0.6,-0.65,Nullsec Sovereign Strategic System,2,1,Nullsec
ETH-02C,Etherium Reach,Etherium Reach Constellation 1,-0.6,-0.65,Nullsec Sovereign Strategic System,2,1,Nullsec
ETH-03D,Etherium Reach,Etherium Reach Constellation 1,-0.6,-0.65,Nullsec Sovereign Strategic System,2,1,Nullsec
ETH-04E,Etherium Reach,Etherium Reach Constellation 1,-0.6,-0.65,Nullsec Sovereign Strategic System,2,1,Nullsec
ETH-05F,Etherium Reach,Etherium Reach Constellation 2,-0.6,-0.65,Nullsec Sovereign Strategic System,2,1,Nullsec
ETH-06G,Etherium Reach,Etherium Reach Constellation 2,-0.6,-0.65,Nullsec Sovereign Strategic System,2,1,Nullsec
ETH-07H,Etherium Reach,Etherium Reach Constellation 2,-0.6,-0.65,Nullsec Sovereign Strategic System,2,1,Nullsec
ETH-08I,Etherium Reach,Etherium Reach Constellation 2,-0.6,-0.65,Nullsec Sovereign Strategic System,2,1,Nullsec
ETH-09J,Etherium Reach,Etherium Reach Constellation 3,-0.6,-0.65,Nullsec Sovereign Strategic System,2,1,Nullsec
ETH-10K,Etherium Reach,Etherium Reach Constellation 3,-0.6,-0.65,Nullsec Sovereign Strategic System,2,1,Nullsec
ETH-11L,Etherium Reach,Etherium Reach Constellation 3,-0.6,-0.65,Nullsec Sovereign Strategic System,2,1,Nullsec
MAL-01B,Malpais,Malpais Constellation 1,-0.8,-0.85,Nullsec Sovereign Strategic System,2,1,Nullsec (Drone Lands)
MAL-02C,Malpais,Malpais Constellation 1,-0.8,-0.85,Nullsec Sovereign Strategic System,2,1,Nullsec (Drone Lands)
MAL-03D,Malpais,Malpais Constellation 1,-0.8,-0.85,Nullsec Sovereign Strategic System,2,1,Nullsec (Drone Lands)
MAL-04E,Malpais,Malpais Constellation 1,-0.8,-0.85,Nullsec Sovereign Strategic System,2,1,Nullsec (Drone Lands)
MAL-05F,Malpais,Malpais Constellation 2,-0.8,-0.85,Nullsec Sovereign Strategic System,2,1,Nullsec (Drone Lands)
MAL-06G,Malpais,Malpais Constellation 2,-0.8,-0.85,Nullsec Sovereign Strategic System,2,1,Nullsec (Drone Lands)
MAL-07H,Malpais,Malpais Constellation 2,-0.8,-0.85,Nullsec Sovereign Strategic System,2,1,Nullsec (Drone Lands)
MAL-08I,Malpais,Malpais Constellation 2,-0.8,-0.85,Nullsec Sovereign Strategic System,2,1,Nullsec (Drone Lands)
MAL-09J,Malpais,Malpais Constellation 3,-0.8,-0.85,Nullsec Sovereign Strategic System,2,1,Nullsec (Drone Lands)
MAL-10K,Malpais,Malpais Constellation 3,-0.8,-0.85,Nullsec Sovereign Strategic System,2,1,Nullsec (Drone Lands)
MAL-11L,Malpais,Malpais Constellation 3,-0.8,-0.85,Nullsec Sovereign Strategic System,2,1,Nullsec (Drone Lands)
OAS-01B,Oasa,Oasa Constellation 1,-0.9,-0.95,Nullsec Sovereign Strategic System,2,1,Nullsec (Drone Lands)
OAS-02C,Oasa,Oasa Constellation 1,-0.9,-0.95,Nullsec Sovereign Strategic System,2,1,Nullsec (Drone Lands)
OAS-03D,Oasa,Oasa Constellation 1,-0.9,-0.95,Nullsec Sovereign Strategic System,2,1,Nullsec (Drone Lands)
OAS-04E,Oasa,Oasa Constellation 1,-0.9,-0.95,Nullsec Sovereign Strategic System,2,1,Nullsec (Drone Lands)
OAS-05F,Oasa,Oasa Constellation 2,-0.9,-0.95,Nullsec Sovereign Strategic System,2,1,Nullsec (Drone Lands)
OAS-06G,Oasa,Oasa Constellation 2,-0.9,-0.95,Nullsec Sovereign Strategic System,2,1,Nullsec (Drone Lands)
OAS-07H,Oasa,Oasa Constellation 2,-0.9,-0.95,Nullsec Sovereign Strategic System,2,1,Nullsec (Drone Lands)
OAS-08I,Oasa,Oasa Constellation 2,-0.9,-0.95,Nullsec Sovereign Strategic System,2,1,Nullsec (Drone Lands)
OAS-09J,Oasa,Oasa Constellation 3,-0.9,-0.95,Nullsec Sovereign Strategic System,2,1,Nullsec (Drone Lands)
OAS-10K,Oasa,Oasa Constellation 3,-0.9,-0.95,Nullsec Sovereign Strategic System,2,1,Nullsec (Drone Lands)
OAS-11L,Oasa,Oasa Constellation 3,-0.9,-0.95,Nullsec Sovereign Strategic System,2,1,Nullsec (Drone Lands)
COB-01B,Cobalt Edge,Cobalt Edge Constellation 1,-0.8,-0.85,Nullsec Sovereign Strategic System,2,1,Nullsec (Drone Lands)
COB-02C,Cobalt Edge,Cobalt Edge Constellation 1,-0.8,-0.85,Nullsec Sovereign Strategic System,2,1,Nullsec (Drone Lands)
COB-03D,Cobalt Edge,Cobalt Edge Constellation 1,-0.8,-0.85,Nullsec Sovereign Strategic System,2,1,Nullsec (Drone Lands)
COB-04E,Cobalt Edge,Cobalt Edge Constellation 1,-0.8,-0.85,Nullsec Sovereign Strategic System,2,1,Nullsec (Drone Lands)
COB-05F,Cobalt Edge,Cobalt Edge Constellation 2,-0.8,-0.85,Nullsec Sovereign Strategic System,2,1,Nullsec (Drone Lands)
COB-06G,Cobalt Edge,Cobalt Edge Constellation 2,-0.8,-0.85,Nullsec Sovereign Strategic System,2,1,Nullsec (Drone Lands)
COB-07H,Cobalt Edge,Cobalt Edge Constellation 2,-0.8,-0.85,Nullsec Sovereign Strategic System,2,1,Nullsec (Drone Lands)
COB-08I,Cobalt Edge,Cobalt Edge Constellation 2,-0.8,-0.85,Nullsec Sovereign Strategic System,2,1,Nullsec (Drone Lands)
COB-09J,Cobalt Edge,Cobalt Edge Constellation 3,-0.8,-0.85,Nullsec Sovereign Strategic System,2,1,Nullsec (Drone Lands)
COB-10K,Cobalt Edge,Cobalt Edge Constellation 3,-0.8,-0.85,Nullsec Sovereign Strategic System,2,1,Nullsec (Drone Lands)
COB-11L,Cobalt Edge,Cobalt Edge Constellation 3,-0.8,-0.85,Nullsec Sovereign Strategic System,2,1,Nullsec (Drone Lands)
KAL-01B,Kalevala Expanse,Kalevala Expanse Constellation 1,-0.7,-0.75,Nullsec Sovereign Strategic System,2,1,Nullsec (Horde)
KAL-02C,Kalevala Expanse,Kalevala Expanse Constellation 1,-0.7,-0.75,Nullsec Sovereign Strategic System,2,1,Nullsec (Horde)
KAL-03D,Kalevala Expanse,Kalevala Expanse Constellation 1,-0.7,-0.75,Nullsec Sovereign Strategic System,2,1,Nullsec (Horde)
KAL-04E,Kalevala Expanse,Kalevala Expanse Constellation 1,-0.7,-0.75,Nullsec Sovereign Strategic System,2,1,Nullsec (Horde)
KAL-05F,Kalevala Expanse,Kalevala Expanse Constellation 2,-0.7,-0.75,Nullsec Sovereign Strategic System,2,1,Nullsec (Horde)
KAL-06G,Kalevala Expanse,Kalevala Expanse Constellation 2,-0.7,-0.75,Nullsec Sovereign Strategic System,2,1,Nullsec (Horde)
KAL-07H,Kalevala Expanse,Kalevala Expanse Constellation 2,-0.7,-0.75,Nullsec Sovereign Strategic System,2,1,Nullsec (Horde)
KAL-08I,Kalevala Expanse,Kalevala Expanse Constellation 2,-0.7,-0.75,Nullsec Sovereign Strategic System,2,1,Nullsec (Horde)
KAL-09J,Kalevala Expanse,Kalevala Expanse Constellation 3,-0.7,-0.75,Nullsec Sovereign Strategic System,2,1,Nullsec (Horde)
KAL-10K,Kalevala Expanse,Kalevala Expanse Constellation 3,-0.7,-0.75,Nullsec Sovereign Strategic System,2,1,Nullsec (Horde)
KAL-11L,Kalevala Expanse,Kalevala Expanse Constellation 3,-0.7,-0.75,Nullsec Sovereign Strategic System,2,1,Nullsec (Horde)
TRI-01B,Tribute,Tribute Constellation 1,-0.6,-0.65,Nullsec Sovereign Strategic System,2,1,Nullsec
TRI-02C,Tribute,Tribute Constellation 1,-0.6,-0.65,Nullsec Sovereign Strategic System,2,1,Nullsec
TRI-03D,Tribute,Tribute Constellation 1,-0.6,-0.65,Nullsec Sovereign Strategic System,2,1,Nullsec
TRI-04E,Tribute,Tribute Constellation 1,-0.6,-0.65,Nullsec Sovereign Strategic System,2,1,Nullsec
TRI-05F,Tribute,Tribute Constellation 2,-0.6,-0.65,Nullsec Sovereign Strategic System,2,1,Nullsec
TRI-06G,Tribute,Tribute Constellation 2,-0.6,-0.65,Nullsec Sovereign Strategic System,2,1,Nullsec
TRI-07H,Tribute,Tribute Constellation 2,-0.6,-0.65,Nullsec Sovereign Strategic System,2,1,Nullsec
TRI-08I,Tribute,Tribute Constellation 2,-0.6,-0.65,Nullsec Sovereign Strategic System,2,1,Nullsec
TRI-09J,Tribute,Tribute Constellation 3,-0.6,-0.65,Nullsec Sovereign Strategic System,2,1,Nullsec
TRI-10K,Tribute,Tribute Constellation 3,-0.6,-0.65,Nullsec Sovereign Strategic System,2,1,Nullsec
TRI-11L,Tribute,Tribute Constellation 3,-0.6,-0.65,Nullsec Sovereign Strategic System,2,1,Nullsec
VAL-01B,Vale of the Silent,Vale of the Silent Constellation 1,-0.7,-0.75,Nullsec Sovereign Strategic System,2,1,Nullsec
VAL-02C,Vale of the Silent,Vale of the Silent Constellation 1,-0.7,-0.75,Nullsec Sovereign Strategic System,2,1,Nullsec
VAL-03D,Vale of the Silent,Vale of the Silent Constellation 1,-0.7,-0.75,Nullsec Sovereign Strategic System,2,1,Nullsec
VAL-04E,Vale of the Silent,Vale of the Silent Constellation 1,-0.7,-0.75,Nullsec Sovereign Strategic System,2,1,Nullsec
VAL-05F,Vale of the Silent,Vale of the Silent Constellation 2,-0.7,-0.75,Nullsec Sovereign Strategic System,2,1,Nullsec
VAL-06G,Vale of the Silent,Vale of the Silent Constellation 2,-0.7,-0.75,Nullsec Sovereign Strategic System,2,1,Nullsec
VAL-07H,Vale of the Silent,Vale of the Silent Constellation 2,-0.7,-0.75,Nullsec Sovereign Strategic System,2,1,Nullsec
VAL-08I,Vale of the Silent,Vale of the Silent Constellation 2,-0.7,-0.75,Nullsec Sovereign Strategic System,2,1,Nullsec
VAL-09J,Vale of the Silent,Vale of the Silent Constellation 3,-0.7,-0.75,Nullsec Sovereign Strategic System,2,1,Nullsec
VAL-10K,Vale of the Silent,Vale of the Silent Constellation 3,-0.7,-0.75,Nullsec Sovereign Strategic System,2,1,Nullsec
VAL-11L,Vale of the Silent,Vale of the Silent Constellation 3,-0.7,-0.75,Nullsec Sovereign Strategic System,2,1,Nullsec
GEM-01B,Geminate,Geminate Constellation 1,-0.5,-0.55,Nullsec Sovereign Strategic System,2,1,Nullsec
GEM-02C,Geminate,Geminate Constellation 1,-0.5,-0.55,Nullsec Sovereign Strategic System,2,1,Nullsec
GEM-03D,Geminate,Geminate Constellation 1,-0.5,-0.55,Nullsec Sovereign Strategic System,2,1,Nullsec
GEM-04E,Geminate,Geminate Constellation 1,-0.5,-0.55,Nullsec Sovereign Strategic System,2,1,Nullsec
GEM-05F,Geminate,Geminate Constellation 2,-0.5,-0.55,Nullsec Sovereign Strategic System,2,1,Nullsec
GEM-06G,Geminate,Geminate Constellation 2,-0.5,-0.55,Nullsec Sovereign Strategic System,2,1,Nullsec
GEM-07H,Geminate,Geminate Constellation 2,-0.5,-0.55,Nullsec Sovereign Strategic System,2,1,Nullsec
GEM-08I,Geminate,Geminate Constellation 2,-0.5,-0.55,Nullsec Sovereign Strategic System,2,1,Nullsec
GEM-09J,Geminate,Geminate Constellation 3,-0.5,-0.55,Nullsec Sovereign Strategic System,2,1,Nullsec
GEM-10K,Geminate,Geminate Constellation 3,-0.5,-0.55,Nullsec Sovereign Strategic System,2,1,Nullsec
GEM-11L,Geminate,Geminate Constellation 3,-0.5,-0.55,Nullsec Sovereign Strategic System,2,1,Nullsec
PUR-01B,Pure Blind,Pure Blind Constellation 1,-0.4,-0.45,Nullsec Sovereign Strategic System,2,1,Nullsec
PUR-02C,Pure Blind,Pure Blind Constellation 1,-0.4,-0.45,Nullsec Sovereign Strategic System,2,1,Nullsec
PUR-03D,Pure Blind,Pure Blind Constellation 1,-0.4,-0.45,Nullsec Sovereign Strategic System,2,1,Nullsec
PUR-04E,Pure Blind,Pure Blind Constellation 1,-0.4,-0.45,Nullsec Sovereign Strategic System,2,1,Nullsec
PUR-05F,Pure Blind,Pure Blind Constellation 2,-0.4,-0.45,Nullsec Sovereign Strategic System,2,1,Nullsec
PUR-06G,Pure Blind,Pure Blind Constellation 2,-0.4,-0.45,Nullsec Sovereign Strategic System,2,1,Nullsec
PUR-07H,Pure Blind,Pure Blind Constellation 2,-0.4,-0.45,Nullsec Sovereign Strategic System,2,1,Nullsec
PUR-08I,Pure Blind,Pure Blind Constellation 2,-0.4,-0.45,Nullsec Sovereign Strategic System,2,1,Nullsec
PUR-09J,Pure Blind,Pure Blind Constellation 3,-0.4,-0.45,Nullsec Sovereign Strategic System,2,1,Nullsec
PUR-10K,Pure Blind,Pure Blind Constellation 3,-0.4,-0.45,Nullsec Sovereign Strategic System,2,1,Nullsec
PUR-11L,Pure Blind,Pure Blind Constellation 3,-0.4,-0.45,Nullsec Sovereign Strategic System,2,1,Nullsec
FAD-01B,Fade,Fade Constellation 1,-0.6,-0.65,Nullsec Sovereign Strategic System,2,1,Nullsec
FAD-02C,Fade,Fade Constellation 1,-0.6,-0.65,Nullsec Sovereign Strategic System,2,1,Nullsec
FAD-03D,Fade,Fade Constellation 1,-0.6,-0.65,Nullsec Sovereign Strategic System,2,1,Nullsec
FAD-04E,Fade,Fade Constellation 1,-0.6,-0.65,Nullsec Sovereign Strategic System,2,1,Nullsec
FAD-05F,Fade,Fade Constellation 2,-0.6,-0.65,Nullsec Sovereign Strategic System,2,1,Nullsec
FAD-06G,Fade,Fade Constellation 2,-0.6,-0.65,Nullsec Sovereign Strategic System,2,1,Nullsec
FAD-07H,Fade,Fade Constellation 2,-0.6,-0.65,Nullsec Sovereign Strategic System,2,1,Nullsec
FAD-08I,Fade,Fade Constellation 2,-0.6,-0.65,Nullsec Sovereign Strategic System,2,1,Nullsec
FAD-09J,Fade,Fade Constellation 3,-0.6,-0.65,Nullsec Sovereign Strategic System,2,1,Nullsec
FAD-10K,Fade,Fade Constellation 3,-0.6,-0.65,Nullsec Sovereign Strategic System,2,1,Nullsec
FAD-11L,Fade,Fade Constellation 3,-0.6,-0.65,Nullsec Sovereign Strategic System,2,1,Nullsec
DEK-01B,Deklein,Deklein Constellation 1,-0.7,-0.75,Nullsec Sovereign Strategic System,2,1,Nullsec (Guristas/Sov)
DEK-02C,Deklein,Deklein Constellation 1,-0.7,-0.75,Nullsec Sovereign Strategic System,2,1,Nullsec (Guristas/Sov)
DEK-03D,Deklein,Deklein Constellation 1,-0.7,-0.75,Nullsec Sovereign Strategic System,2,1,Nullsec (Guristas/Sov)
DEK-04E,Deklein,Deklein Constellation 1,-0.7,-0.75,Nullsec Sovereign Strategic System,2,1,Nullsec (Guristas/Sov)
DEK-05F,Deklein,Deklein Constellation 2,-0.7,-0.75,Nullsec Sovereign Strategic System,2,1,Nullsec (Guristas/Sov)
DEK-06G,Deklein,Deklein Constellation 2,-0.7,-0.75,Nullsec Sovereign Strategic System,2,1,Nullsec (Guristas/Sov)
DEK-07H,Deklein,Deklein Constellation 2,-0.7,-0.75,Nullsec Sovereign Strategic System,2,1,Nullsec (Guristas/Sov)
DEK-08I,Deklein,Deklein Constellation 2,-0.7,-0.75,Nullsec Sovereign Strategic System,2,1,Nullsec (Guristas/Sov)
DEK-09J,Deklein,Deklein Constellation 3,-0.7,-0.75,Nullsec Sovereign Strategic System,2,1,Nullsec (Guristas/Sov)
DEK-10K,Deklein,Deklein Constellation 3,-0.7,-0.75,Nullsec Sovereign Strategic System,2,1,Nullsec (Guristas/Sov)
DEK-11L,Deklein,Deklein Constellation 3,-0.7,-0.75,Nullsec Sovereign Strategic System,2,1,Nullsec (Guristas/Sov)
BRA-01B,Branch,Branch Constellation 1,-0.8,-0.85,Nullsec Sovereign Strategic System,2,1,Nullsec
BRA-02C,Branch,Branch Constellation 1,-0.8,-0.85,Nullsec Sovereign Strategic System,2,1,Nullsec
BRA-03D,Branch,Branch Constellation 1,-0.8,-0.85,Nullsec Sovereign Strategic System,2,1,Nullsec
BRA-04E,Branch,Branch Constellation 1,-0.8,-0.85,Nullsec Sovereign Strategic System,2,1,Nullsec
BRA-05F,Branch,Branch Constellation 2,-0.8,-0.85,Nullsec Sovereign Strategic System,2,1,Nullsec
BRA-06G,Branch,Branch Constellation 2,-0.8,-0.85,Nullsec Sovereign Strategic System,2,1,Nullsec
BRA-07H,Branch,Branch Constellation 2,-0.8,-0.85,Nullsec Sovereign Strategic System,2,1,Nullsec
BRA-08I,Branch,Branch Constellation 2,-0.8,-0.85,Nullsec Sovereign Strategic System,2,1,Nullsec
BRA-09J,Branch,Branch Constellation 3,-0.8,-0.85,Nullsec Sovereign Strategic System,2,1,Nullsec
BRA-10K,Branch,Branch Constellation 3,-0.8,-0.85,Nullsec Sovereign Strategic System,2,1,Nullsec
BRA-11L,Branch,Branch Constellation 3,-0.8,-0.85,Nullsec Sovereign Strategic System,2,1,Nullsec
VEN-01B,Venal,Venal Constellation 1,-0.5,-0.55,Nullsec Sovereign Strategic System,2,1,NPC Nullsec (Guristas)
VEN-02C,Venal,Venal Constellation 1,-0.5,-0.55,Nullsec Sovereign Strategic System,2,1,NPC Nullsec (Guristas)
VEN-03D,Venal,Venal Constellation 1,-0.5,-0.55,Nullsec Sovereign Strategic System,2,1,NPC Nullsec (Guristas)
VEN-04E,Venal,Venal Constellation 1,-0.5,-0.55,Nullsec Sovereign Strategic System,2,1,NPC Nullsec (Guristas)
VEN-05F,Venal,Venal Constellation 2,-0.5,-0.55,Nullsec Sovereign Strategic System,2,1,NPC Nullsec (Guristas)
VEN-06G,Venal,Venal Constellation 2,-0.5,-0.55,Nullsec Sovereign Strategic System,2,1,NPC Nullsec (Guristas)
VEN-07H,Venal,Venal Constellation 2,-0.5,-0.55,Nullsec Sovereign Strategic System,2,1,NPC Nullsec (Guristas)
VEN-08I,Venal,Venal Constellation 2,-0.5,-0.55,Nullsec Sovereign Strategic System,2,1,NPC Nullsec (Guristas)
VEN-09J,Venal,Venal Constellation 3,-0.5,-0.55,Nullsec Sovereign Strategic System,2,1,NPC Nullsec (Guristas)
VEN-10K,Venal,Venal Constellation 3,-0.5,-0.55,Nullsec Sovereign Strategic System,2,1,NPC Nullsec (Guristas)
VEN-11L,Venal,Venal Constellation 3,-0.5,-0.55,Nullsec Sovereign Strategic System,2,1,NPC Nullsec (Guristas)
STA-01B,Stain,Stain Constellation 1,-0.6,-0.65,Nullsec Sovereign Strategic System,2,1,NPC Nullsec (Sansha)
STA-02C,Stain,Stain Constellation 1,-0.6,-0.65,Nullsec Sovereign Strategic System,2,1,NPC Nullsec (Sansha)
STA-03D,Stain,Stain Constellation 1,-0.6,-0.65,Nullsec Sovereign Strategic System,2,1,NPC Nullsec (Sansha)
STA-04E,Stain,Stain Constellation 1,-0.6,-0.65,Nullsec Sovereign Strategic System,2,1,NPC Nullsec (Sansha)
STA-05F,Stain,Stain Constellation 2,-0.6,-0.65,Nullsec Sovereign Strategic System,2,1,NPC Nullsec (Sansha)
STA-06G,Stain,Stain Constellation 2,-0.6,-0.65,Nullsec Sovereign Strategic System,2,1,NPC Nullsec (Sansha)
STA-07H,Stain,Stain Constellation 2,-0.6,-0.65,Nullsec Sovereign Strategic System,2,1,NPC Nullsec (Sansha)
STA-08I,Stain,Stain Constellation 2,-0.6,-0.65,Nullsec Sovereign Strategic System,2,1,NPC Nullsec (Sansha)
STA-09J,Stain,Stain Constellation 3,-0.6,-0.65,Nullsec Sovereign Strategic System,2,1,NPC Nullsec (Sansha)
STA-10K,Stain,Stain Constellation 3,-0.6,-0.65,Nullsec Sovereign Strategic System,2,1,NPC Nullsec (Sansha)
STA-11L,Stain,Stain Constellation 3,-0.6,-0.65,Nullsec Sovereign Strategic System,2,1,NPC Nullsec (Sansha)
POC-01B,Pochven,Pochven Constellation 1,-1.0,-1.05,Pochven Krai Warzone,2,1,Triglavian Space
POC-02C,Pochven,Pochven Constellation 1,-1.0,-1.05,Pochven Krai Warzone,2,1,Triglavian Space
POC-03D,Pochven,Pochven Constellation 1,-1.0,-1.05,Pochven Krai Warzone,2,1,Triglavian Space
POC-04E,Pochven,Pochven Constellation 1,-1.0,-1.05,Pochven Krai Warzone,2,1,Triglavian Space
POC-05F,Pochven,Pochven Constellation 2,-1.0,-1.05,Pochven Krai Warzone,2,1,Triglavian Space
POC-06G,Pochven,Pochven Constellation 2,-1.0,-1.05,Pochven Krai Warzone,2,1,Triglavian Space
POC-07H,Pochven,Pochven Constellation 2,-1.0,-1.05,Pochven Krai Warzone,2,1,Triglavian Space
POC-08I,Pochven,Pochven Constellation 2,-1.0,-1.05,Pochven Krai Warzone,2,1,Triglavian Space
POC-09J,Pochven,Pochven Constellation 3,-1.0,-1.05,Pochven Krai Warzone,2,1,Triglavian Space
POC-10K,Pochven,Pochven Constellation 3,-1.0,-1.05,Pochven Krai Warzone,2,1,Triglavian Space
POC-11L,Pochven,Pochven Constellation 3,-1.0,-1.05,Pochven Krai Warzone,2,1,Triglavian Space
ANO-01B,Anoikis,Anoikis Constellation 1,-1.0,-1.05,Wormhole Class 2,2,1,Wormhole Space
ANO-02C,Anoikis,Anoikis Constellation 1,-1.0,-1.05,Wormhole Class 3,2,1,Wormhole Space
ANO-03D,Anoikis,Anoikis Constellation 1,-1.0,-1.05,Wormhole Class 4,2,1,Wormhole Space
ANO-04E,Anoikis,Anoikis Constellation 1,-1.0,-1.05,Wormhole Class 5,2,1,Wormhole Space
ANO-05F,Anoikis,Anoikis Constellation 2,-1.0,-1.05,Wormhole Class 6,2,1,Wormhole Space
ANO-06G,Anoikis,Anoikis Constellation 2,-1.0,-1.05,Wormhole Class 1,2,1,Wormhole Space
ANO-07H,Anoikis,Anoikis Constellation 2,-1.0,-1.05,Wormhole Class 2,2,1,Wormhole Space
ANO-08I,Anoikis,Anoikis Constellation 2,-1.0,-1.05,Wormhole Class 3,2,1,Wormhole Space
ANO-09J,Anoikis,Anoikis Constellation 3,-1.0,-1.05,Wormhole Class 4,2,1,Wormhole Space
ANO-10K,Anoikis,Anoikis Constellation 3,-1.0,-1.05,Wormhole Class 5,2,1,Wormhole Space
ANO-11L,Anoikis,Anoikis Constellation 3,-1.0,-1.05,Wormhole Class 6,2,1,Wormhole Space
